case_id,scenario,eeg_snr_db,meg_snr_db,gate_score,gate_eeg_score,gate_meg_score,gate_eeg_response_excess,gate_meg_response_excess,gate_reliability_balance,gate_reliability_eeg_weight,gate_formula,primary_channel_weight_min,primary_channel_weight_max,gate_threshold,deep_present_decision,selected_deep_index,secondary_surface_score,surface_threshold,surface_present_decision,null_converged,full_converged,selection_surface_converged,final_surface_converged,all_converged,status,error,elapsed_seconds
erp-v6-hierarchical-v2-surface-calibration-000-eeg-10-meg-10,deep_only,-10,-10,0.02185986831801949,0.019844207753283643,0.0281963822805732,0.0,0.04634276196365961,0.9557097696392637,0.7389274424098159,"h_m=g_m/sqrt(1+q_m); b=min(1+q_E,1+q_M)/max(1+q_E,1+q_M); w_E=0.5+0.25*b; score=w_E*h_E+(1-w_E)*h_M",1.0,1.0,0.006348868975392994,1,7499,0.0,,,1,1,1,,1,ok,,168.18444429995725
erp-v6-hierarchical-v2-surface-calibration-001-eeg-10-meg-10,deep_only,-10,-10,0.03446430677286647,0.025939921592874775,0.06039390295003814,0.04046817661087032,0.0028992537570999843,0.9638922903186294,0.7409730725796574,"h_m=g_m/sqrt(1+q_m); b=min(1+q_E,1+q_M)/max(1+q_E,1+q_M); w_E=0.5+0.25*b; score=w_E*h_E+(1-w_E)*h_M",1.0,1.0,0.006348868975392994,1,7505,0.0,,,1,1,1,,1,ok,,36.237004599999636
erp-v6-hierarchical-v2-surface-calibration-002-eeg-10-meg-10,deep_only,-10,-10,0.016417766174417092,0.011696198088479623,0.03046361824635964,0.09684894081859663,0.0,0.911702571599042,0.7279256428997605,"h_m=g_m/sqrt(1+q_m); b=min(1+q_E,1+q_M)/max(1+q_E,1+q_M); w_E=0.5+0.25*b; score=w_E*h_E+(1-w_E)*h_M",1.0,1.0,0.006348868975392994,1,7508,0.0,,,1,1,1,,1,ok,,31.246858300000895
erp-v6-hierarchical-v2-surface-calibration-003-eeg-10-meg-10,deep_only,-10,-10,0.008659732418121811,0.005069554027402031,0.019153445331483752,0.0,0.08454114859783424,0.9220489248313588,0.7305122312078397,"h_m=g_m/sqrt(1+q_m); b=min(1+q_E,1+q_M)/max(1+q_E,1+q_M); w_E=0.5+0.25*b; score=w_E*h_E+(1-w_E)*h_M",1.0,1.0,0.006348868975392994,1,7511,0.0,,,1,1,1,,1,ok,,118.41560900001787
erp-v6-hierarchical-v2-surface-calibration-004-eeg-10-meg-10,deep_only,-10,-10,0.025571932489213835,0.02168093088380609,0.037389539851551565,0.0,0.0388211389334816,0.9626296217139576,0.7406574054284893,"h_m=g_m/sqrt(1+q_m); b=min(1+q_E,1+q_M)/max(1+q_E,1+q_M); w_E=0.5+0.25*b; score=w_E*h_E+(1-w_E)*h_M",1.0,1.0,0.006348868975392994,1,7507,0.0,,,1,1,1,,1,ok,,68.4552199000027
erp-v6-hierarchical-v2-surface-calibration-005-eeg-10-meg-10,deep_only,-10,-10,0.015797679504004417,0.010101456238137034,0.03372852434065685,0.03399907397903923,0.07416329189876092,0.9626088340360944,0.7406522085090236,"h_m=g_m/sqrt(1+q_m); b=min(1+q_E,1+q_M)/max(1+q_E,1+q_M); w_E=0.5+0.25*b; score=w_E*h_E+(1-w_E)*h_M",1.0,1.0,0.006348868975392994,1,7498,0.0,,,1,1,1,,1,ok,,37.4137347000069
erp-v6-hierarchical-v2-surface-calibration-006-eeg-10-meg-10,deep_only,-10,-10,0.022123964872327387,0.0095117020959537,0.058998775660059344,0.1394576004646757,0.04494853724688741,0.9170578499987652,0.7292644624996913,"h_m=g_m/sqrt(1+q_m); b=min(1+q_E,1+q_M)/max(1+q_E,1+q_M); w_E=0.5+0.25*b; score=w_E*h_E+(1-w_E)*h_M",1.0,1.0,0.006348868975392994,1,7503,0.0,,,1,1,1,,1,ok,,20.124134199984837
erp-v6-hierarchical-v2-surface-calibration-007-eeg-10-meg-10,deep_only,-10,-10,0.026591511425432358,0.0211465566919051,0.043872781713527424,0.01798178642080872,0.03317632564577511,0.9852933726336894,0.7463233431584224,"h_m=g_m/sqrt(1+q_m); b=min(1+q_E,1+q_M)/max(1+q_E,1+q_M); w_E=0.5+0.25*b; score=w_E*h_E+(1-w_E)*h_M",1.0,1.0,0.006348868975392994,1,7499,0.0,,,1,1,1,,1,ok,,71.04285459994571
erp-v6-hierarchical-v2-surface-calibration-008-eeg-10-meg-10,deep_only,-10,-10,0.017511085902289263,0.011595398606314785,0.03579609594580798,0.020051483750916477,0.04987174781656267,0.9715962791382243,0.7428990697845561,"h_m=g_m/sqrt(1+q_m); b=min(1+q_E,1+q_M)/max(1+q_E,1+q_M); w_E=0.5+0.25*b; score=w_E*h_E+(1-w_E)*h_M",1.0,1.0,0.006348868975392994,1,7503,0.0,,,1,1,1,,1,ok,,81.08161180000752
erp-v6-hierarchical-v2-surface-calibration-009-eeg-10-meg-10,deep_only,-10,-10,0.001697450611952393,0.0021205256742145105,0.0006973909894599484,0.06976731978254724,0.032877076096303304,0.9655156378363262,0.7413789094590816,"h_m=g_m/sqrt(1+q_m); b=min(1+q_E,1+q_M)/max(1+q_E,1+q_M); w_E=0.5+0.25*b; score=w_E*h_E+(1-w_E)*h_M",1.0,1.0,0.006348868975392994,0,,0.0,,0,1,1,,,1,ok,,75.59640469995793
erp-v6-hierarchical-v2-surface-calibration-010-eeg-10-meg-10,deep_only,-10,-10,0.0343500190562735,0.030548511503883748,0.04740880492314143,0.0052292866198855315,0.1451036292711938,0.8778500573434285,0.7194625143358571,"h_m=g_m/sqrt(1+q_m); b=min(1+q_E,1+q_M)/max(1+q_E,1+q_M); w_E=0.5+0.25*b; score=w_E*h_E+(1-w_E)*h_M",1.0,1.0,0.006348868975392994,1,7508,0.0,,,1,1,1,,1,ok,,77.72719730000244
erp-v6-hierarchical-v2-surface-calibration-011-eeg-10-meg-10,deep_only,-10,-10,0.020822577780098023,0.019569939069898123,0.0270342442880262,0.047086385017341525,0.12690843344872915,0.9291672277337525,0.7322918069334381,"h_m=g_m/sqrt(1+q_m); b=min(1+q_E,1+q_M)/max(1+q_E,1+q_M); w_E=0.5+0.25*b; score=w_E*h_E+(1-w_E)*h_M",1.0,1.0,0.006348868975392994,1,7508,0.0,,,1,1,1,,1,ok,,34.87972169998102
erp-v6-hierarchical-v2-surface-calibration-012-eeg-10-meg-10,deep_only,-10,-10,0.030662803903341973,0.017905948869509775,0.06772214388059226,0.0,0.12083231371695735,0.8921941201746338,0.7230485300436584,"h_m=g_m/sqrt(1+q_m); b=min(1+q_E,1+q_M)/max(1+q_E,1+q_M); w_E=0.5+0.25*b; score=w_E*h_E+(1-w_E)*h_M",1.0,1.0,0.006348868975392994,1,7505,0.0,,,1,1,1,,1,ok,,82.07212470000377
erp-v6-hierarchical-v2-surface-calibration-013-eeg-10-meg-10,deep_only,-10,-10,0.04455072699488905,0.03383060839164455,0.08213312267079087,0.06426776451764438,0.11216080954813945,0.9569369423744094,0.7392342355936024,"h_m=g_m/sqrt(1+q_m); b=min(1+q_E,1+q_M)/max(1+q_E,1+q_M); w_E=0.5+0.25*b; score=w_E*h_E+(1-w_E)*h_M",1.0,1.0,0.006348868975392994,1,7498,0.0,,,1,1,1,,1,ok,,70.89480030001141
erp-v6-hierarchical-v2-surface-calibration-014-eeg-10-meg-10,deep_only,-10,-10,0.015649474912886957,0.014238873018628792,0.020111333662588594,0.008726980528058093,0.006043431861844306,0.997339667999354,0.7493349169998385,"h_m=g_m/sqrt(1+q_m); b=min(1+q_E,1+q_M)/max(1+q_E,1+q_M); w_E=0.5+0.25*b; score=w_E*h_E+(1-w_E)*h_M",1.0,1.0,0.006348868975392994,1,7498,0.0,,,1,1,1,,1,ok,,78.57047769997735
erp-v6-hierarchical-v2-surface-calibration-015-eeg-10-meg-10,deep_only,-10,-10,0.008549480973339445,0.012281943630465897,-0.0005439580222283399,0.07923888039975302,0.015534221650278734,0.940972605873986,0.7352431514684965,"h_m=g_m/sqrt(1+q_m); b=min(1+q_E,1+q_M)/max(1+q_E,1+q_M); w_E=0.5+0.25*b; score=w_E*h_E+(1-w_E)*h_M",1.0,1.0,0.006348868975392994,1,7507,0.0,,,1,1,1,,1,ok,,63.60579830000643
erp-v6-hierarchical-v2-surface-calibration-016-eeg-10-meg-10,deep_only,-10,-10,0.01898175912796561,0.008910102164705676,0.052913573796283524,0.11352435145453077,0.14650226555619428,0.971236067217307,0.7428090168043268,"h_m=g_m/sqrt(1+q_m); b=min(1+q_E,1+q_M)/max(1+q_E,1+q_M); w_E=0.5+0.25*b; score=w_E*h_E+(1-w_E)*h_M",1.0,1.0,0.006348868975392994,1,7505,0.0,,,1,1,1,,1,ok,,119.19105079997098
erp-v6-hierarchical-v2-surface-calibration-017-eeg-10-meg-10,deep_only,-10,-10,0.018413801073456637,0.011847086108742404,0.039238077630413815,0.06512471659526509,0.037639203211193184,0.9741950280978072,0.7435487570244518,"h_m=g_m/sqrt(1+q_m); b=min(1+q_E,1+q_M)/max(1+q_E,1+q_M); w_E=0.5+0.25*b; score=w_E*h_E+(1-w_E)*h_M",1.0,1.0,0.006348868975392994,1,7498,-0.00497919491937884,,,1,1,1,,1,ok,,85.84632660000352
erp-v6-hierarchical-v2-surface-calibration-018-eeg-10-meg-10,deep_only,-10,-10,0.015944269958421246,0.009373726936768311,0.038125409395923,0.14904125830209902,0.09967025519397144,0.9570328717516362,0.739258217937909,"h_m=g_m/sqrt(1+q_m); b=min(1+q_E,1+q_M)/max(1+q_E,1+q_M); w_E=0.5+0.25*b; score=w_E*h_E+(1-w_E)*h_M",1.0,1.0,0.006348868975392994,1,7511,0.0,,,1,1,1,,1,ok,,74.02055429999018
erp-v6-hierarchical-v2-surface-calibration-019-eeg-10-meg+20,deep_only,-10,20,0.07887008982442305,0.014922081885395124,1.1767285441138848,0.11447397567418571,65.1275580049736,0.016853396818167152,0.5042133492045417,"h_m=g_m/sqrt(1+q_m); b=min(1+q_E,1+q_M)/max(1+q_E,1+q_M); w_E=0.5+0.25*b; score=w_E*h_E+(1-w_E)*h_M",1.0,1.0,0.006348868975392994,1,7499,0.0,,,1,1,1,,1,ok,,118.21461590001127
erp-v6-hierarchical-v2-surface-calibration-020-eeg-10-meg+20,deep_only,-10,20,0.15813527223145238,0.02851130389074387,2.59263853203813,0.12193382871647507,78.25560877823524,0.014155891879598743,0.5035389729698997,"h_m=g_m/sqrt(1+q_m); b=min(1+q_E,1+q_M)/max(1+q_E,1+q_M); w_E=0.5+0.25*b; score=w_E*h_E+(1-w_E)*h_M",1.0,1.0,0.006348868975392994,1,7505,0.0,,,1,1,1,,1,ok,,219.1783997999737
erp-v6-hierarchical-v2-surface-calibration-021-eeg-10-meg+20,deep_only,-10,20,0.08510917158749397,0.0276083278602886,0.9019500307348343,0.024805706202454925,37.96766024783441,0.026298877060739297,0.5065747192651848,"h_m=g_m/sqrt(1+q_m); b=min(1+q_E,1+q_M)/max(1+q_E,1+q_M); w_E=0.5+0.25*b; score=w_E*h_E+(1-w_E)*h_M",1.0,1.0,0.006348868975392994,1,7508,0.0,,,1,1,1,,1,ok,,125.36666190001415
erp-v6-hierarchical-v2-surface-calibration-022-eeg-10-meg+20,deep_only,-10,20,0.0949145898682279,0.014228812324511644,1.1535640874279154,0.055105394618993664,40.980468909814576,0.02513324462586747,0.5062833111564669,"h_m=g_m/sqrt(1+q_m); b=min(1+q_E,1+q_M)/max(1+q_E,1+q_M); w_E=0.5+0.25*b; score=w_E*h_E+(1-w_E)*h_M",1.0,1.0,0.006348868975392994,1,7511,0.0,,,1,1,1,,1,ok,,239.21079199999804
erp-v6-hierarchical-v2-surface-calibration-023-eeg-10-meg+20,deep_only,-10,20,0.09401210900186356,0.025295707292050013,1.0824688916430254,0.023166324516250336,42.21176313587116,0.023677958274905347,0.5059194895687263,"h_m=g_m/sqrt(1+q_m); b=min(1+q_E,1+q_M)/max(1+q_E,1+q_M); w_E=0.5+0.25*b; score=w_E*h_E+(1-w_E)*h_M",1.0,1.0,0.006348868975392994,1,7507,0.0,,,1,1,1,,1,ok,,111.11702150001656
erp-v6-hierarchical-v2-surface-calibration-024-eeg-10-meg+20,deep_only,-10,20,0.10609676176929357,0.01141780964827071,1.9768607892162522,0.08617135231602413,94.46538591012144,0.011377645855206939,0.5028444114638018,"h_m=g_m/sqrt(1+q_m); b=min(1+q_E,1+q_M)/max(1+q_E,1+q_M); w_E=0.5+0.25*b; score=w_E*h_E+(1-w_E)*h_M",1.0,1.0,0.006348868975392994,1,7498,0.0,,,1,1,1,,1,ok,,96.54405609995592
erp-v6-hierarchical-v2-surface-calibration-025-eeg-10-meg+20,deep_only,-10,20,0.08350846327265977,0.015551650862338026,1.2179374802164502,0.0,62.75060652649617,0.015686125269794536,0.5039215313174487,"h_m=g_m/sqrt(1+q_m); b=min(1+q_E,1+q_M)/max(1+q_E,1+q_M); w_E=0.5+0.25*b; score=w_E*h_E+(1-w_E)*h_M",1.0,1.0,0.006348868975392994,1,7503,0.0,,,1,1,1,,1,ok,,127.97675710002659
erp-v6-hierarchical-v2-surface-calibration-026-eeg-10-meg+20,deep_only,-10,20,0.07323311906214917,0.0037892144632637416,1.1397543062833382,0.09499299988375176,61.58239103008183,0.017496822698215786,0.5043742056745539,"h_m=g_m/sqrt(1+q_m); b=min(1+q_E,1+q_M)/max(1+q_E,1+q_M); w_E=0.5+0.25*b; score=w_E*h_E+(1-w_E)*h_M",1.0,1.0,0.006348868975392994,1,7499,0.0,,,1,1,1,,1,ok,,138.56693729996914
erp-v6-hierarchical-v2-surface-calibration-027-eeg-10-meg+20,deep_only,-10,20,0.06773911324016366,0.007705959444525784,1.0993684396468508,0.026126160794906372,71.94151780351281,0.014067792824918279,0.5035169482062296,"h_m=g_m/sqrt(1+q_m); b=min(1+q_E,1+q_M)/max(1+q_E,1+q_M); w_E=0.5+0.25*b; score=w_E*h_E+(1-w_E)*h_M",1.0,1.0,0.006348868975392994,1,7503,0.0,,,1,1,1,,1,ok,,113.53928639995866
erp-v6-hierarchical-v2-surface-calibration-028-eeg-10-meg+20,deep_only,-10,20,0.07197853669223019,0.006038729250188266,0.9511775525679831,0.0,45.5924806237496,0.02146269068769585,0.505365672671924,"h_m=g_m/sqrt(1+q_m); b=min(1+q_E,1+q_M)/max(1+q_E,1+q_M); w_E=0.5+0.25*b; score=w_E*h_E+(1-w_E)*h_M",1.0,1.0,0.006348868975392994,1,7507,0.0,,,1,1,1,,1,ok,,146.92041349998908
erp-v6-hierarchical-v2-surface-calibration-029-eeg-10-meg+20,deep_only,-10,20,0.0887392378728416,0.004125180406854047,1.2324309080156264,0.0,48.55193258926468,0.020180847602635135,0.5050452119006588,"h_m=g_m/sqrt(1+q_m); b=min(1+q_E,1+q_M)/max(1+q_E,1+q_M); w_E=0.5+0.25*b; score=w_E*h_E+(1-w_E)*h_M",1.0,1.0,0.006348868975392994,1,7511,0.0,,,1,1,1,,1,ok,,326.84928010002477
erp-v6-hierarchical-v2-surface-calibration-030-eeg-10-meg+20,deep_only,-10,20,0.12358707969846427,0.02511595152302378,1.40226636997084,0.12989285400435313,37.31598450340244,0.029488811749154437,0.5073722029372886,"h_m=g_m/sqrt(1+q_m); b=min(1+q_E,1+q_M)/max(1+q_E,1+q_M); w_E=0.5+0.25*b; score=w_E*h_E+(1-w_E)*h_M",1.0,1.0,0.006348868975392994,1,7508,0.0,,,1,1,1,,1,ok,,159.91168489999836
erp-v6-hierarchical-v2-surface-calibration-031-eeg-10-meg+20,deep_only,-10,20,0.17744254860080733,0.023186450919047006,3.0041658196144687,0.058049066263861304,79.7137329274776,0.013108662279497505,0.5032771655698743,"h_m=g_m/sqrt(1+q_m); b=min(1+q_E,1+q_M)/max(1+q_E,1+q_M); w_E=0.5+0.25*b; score=w_E*h_E+(1-w_E)*h_M",1.0,1.0,0.006348868975392994,1,7505,0.0,,,1,1,1,,1,ok,,163.97741960000712
erp-v6-hierarchical-v2-surface-calibration-032-eeg-10-meg+20,deep_only,-10,20,0.09567730624867196,0.02208865436790616,1.6495725059766657,0.08945614574943095,91.98067373051853,0.011717017118062082,0.5029292542795155,"h_m=g_m/sqrt(1+q_m); b=min(1+q_E,1+q_M)/max(1+q_E,1+q_M); w_E=0.5+0.25*b; score=w_E*h_E+(1-w_E)*h_M",1.0,1.0,0.006348868975392994,1,7498,0.0,,,1,1,1,,1,ok,,90.56748130003689
erp-v6-hierarchical-v2-surface-calibration-033-eeg-10-meg+20,deep_only,-10,20,0.09171894549247302,0.0008532209521421159,1.8374597738180312,0.009971400457756685,99.25852710337197,0.01007367083516419,0.502518417708791,"h_m=g_m/sqrt(1+q_m); b=min(1+q_E,1+q_M)/max(1+q_E,1+q_M); w_E=0.5+0.25*b; score=w_E*h_E+(1-w_E)*h_M",1.0,1.0,0.006348868975392994,1,7498,0.0,,,1,1,1,,1,ok,,138.99538700003177
erp-v6-hierarchical-v2-surface-calibration-034-eeg-10-meg+20,deep_only,-10,20,0.09544285693069876,0.010394902064056301,1.226401961009656,0.0,44.211564633532326,0.022118234750458605,0.5055295586876146,"h_m=g_m/sqrt(1+q_m); b=min(1+q_E,1+q_M)/max(1+q_E,1+q_M); w_E=0.5+0.25*b; score=w_E*h_E+(1-w_E)*h_M",1.0,1.0,0.006348868975392994,1,7507,0.0,,,1,1,1,,1,ok,,453.11148060002597
erp-v6-hierarchical-v2-surface-calibration-035-eeg-10-meg+20,deep_only,-10,20,0.12362810723315379,0.01116935827616161,2.194161774446625,0.0,84.41512882400818,0.011707527855638188,0.5029268819639096,"h_m=g_m/sqrt(1+q_m); b=min(1+q_E,1+q_M)/max(1+q_E,1+q_M); w_E=0.5+0.25*b; score=w_E*h_E+(1-w_E)*h_M",1.0,1.0,0.006348868975392994,1,7505,0.0,,,1,1,1,,1,ok,,253.11757279996527
erp-v6-hierarchical-v2-surface-calibration-036-eeg-10-meg+20,deep_only,-10,20,0.06993567386826276,0.01308113430163394,1.013135132320244,0.05769462710692963,61.5238359960443,0.016916662425732275,0.504229165606433,"h_m=g_m/sqrt(1+q_m); b=min(1+q_E,1+q_M)/max(1+q_E,1+q_M); w_E=0.5+0.25*b; score=w_E*h_E+(1-w_E)*h_M",1.0,1.0,0.006348868975392994,1,7499,0.0,,,1,1,1,,1,ok,,203.00668390002102
erp-v6-hierarchical-v2-surface-calibration-037-eeg-10-meg+20,deep_only,-10,20,0.08609714440095631,0.011962025159586961,1.094191733042367,0.017088194453446448,44.61619084831969,0.022296648964737303,0.5055741622411843,"h_m=g_m/sqrt(1+q_m); b=min(1+q_E,1+q_M)/max(1+q_E,1+q_M); w_E=0.5+0.25*b; score=w_E*h_E+(1-w_E)*h_M",1.0,1.0,0.006348868975392994,1,7511,0.0,,,1,1,1,,1,ok,,237.8639726000256
erp-v6-hierarchical-v2-surface-calibration-038-eeg+20-meg-10,deep_only,20,-10,0.0767832563138572,0.79589669427504,0.0020165925825826724,27.563989646816548,0.03758153995854352,0.03632481151225252,0.5090812028780631,"h_m=g_m/sqrt(1+q_m); b=min(1+q_E,1+q_M)/max(1+q_E,1+q_M); w_E=0.5+0.25*b; score=w_E*h_E+(1-w_E)*h_M",1.0,1.0,0.006348868975392994,1,7499,0.0,,,1,1,1,,1,ok,,118.3723896999727
erp-v6-hierarchical-v2-surface-calibration-039-eeg+20-meg-10,deep_only,20,-10,0.07703313142560972,0.502662602531372,0.037638178803162795,17.869505861206168,0.09016522010936145,0.057773914596811624,0.5144434786492029,"h_m=g_m/sqrt(1+q_m); b=min(1+q_E,1+q_M)/max(1+q_E,1+q_M); w_E=0.5+0.25*b; score=w_E*h_E+(1-w_E)*h_M",1.0,1.0,0.006348868975392994,1,7505,-0.00042211994639697515,,,1,1,1,,1,ok,,133.85052410000935
erp-v6-hierarchical-v2-surface-calibration-040-eeg+20-meg-10,deep_only,20,-10,0.07645733531943218,0.6618421368930599,0.016595392903092608,23.298422150109577,0.06949023681100552,0.04401480187495148,0.5110037004687379,"h_m=g_m/sqrt(1+q_m); b=min(1+q_E,1+q_M)/max(1+q_E,1+q_M); w_E=0.5+0.25*b; score=w_E*h_E+(1-w_E)*h_M",1.0,1.0,0.006348868975392994,1,7508,0.0,,,1,1,1,,1,ok,,103.46692530001746
erp-v6-hierarchical-v2-surface-calibration-041-eeg+20-meg-10,deep_only,20,-10,0.10441128860054702,0.5935494462144153,0.08111418514240992,19.88689269244919,0.09316289523679466,0.05233726774648406,0.513084316936621,"h_m=g_m/sqrt(1+q_m); b=min(1+q_E,1+q_M)/max(1+q_E,1+q_M); w_E=0.5+0.25*b; score=w_E*h_E+(1-w_E)*h_M",1.0,1.0,0.006348868975392994,1,7511,0.0,,,1,1,1,,1,ok,,105.52183409995632
erp-v6-hierarchical-v2-surface-calibration-042-eeg+20-meg-10,deep_only,20,-10,0.05667320630511891,0.6482749484084251,-0.00041988013473738994,32.645953118216696,0.18257776411991355,0.03514769695971664,0.5087869242399291,"h_m=g_m/sqrt(1+q_m); b=min(1+q_E,1+q_M)/max(1+q_E,1+q_M); w_E=0.5+0.25*b; score=w_E*h_E+(1-w_E)*h_M",1.0,1.0,0.006348868975392994,1,7507,0.0,,,1,1,1,,1,ok,,103.8030759000103
erp-v6-hierarchical-v2-surface-calibration-043-eeg+20-meg-10,deep_only,20,-10,0.12535785133463598,0.8363319551771689,0.06533258467292609,19.48104938409001,0.08657070645391607,0.053052491895165324,0.5132631229737913,"h_m=g_m/sqrt(1+q_m); b=min(1+q_E,1+q_M)/max(1+q_E,1+q_M); w_E=0.5+0.25*b; score=w_E*h_E+(1-w_E)*h_M",1.0,1.0,0.006348868975392994,1,7498,0.0,,,1,1,1,,1,ok,,90.03335899999365
erp-v6-hierarchical-v2-surface-calibration-044-eeg+20-meg-10,deep_only,20,-10,0.056650299381555955,0.3717297484241725,0.034610487113105035,21.407000079374555,0.053705107412142405,0.0470257108796134,0.5117564277199034,"h_m=g_m/sqrt(1+q_m); b=min(1+q_E,1+q_M)/max(1+q_E,1+q_M); w_E=0.5+0.25*b; score=w_E*h_E+(1-w_E)*h_M",1.0,1.0,0.006348868975392994,1,7503,0.0,,,1,1,1,,1,ok,,128.97270659997594
erp-v6-hierarchical-v2-surface-calibration-045-eeg+20-meg-10,deep_only,20,-10,0.08593014800780503,0.8412915918443696,0.006568624351940798,25.836545676538023,0.058345883317558744,0.039436740334387474,0.5098591850835968,"h_m=g_m/sqrt(1+q_m); b=min(1+q_E,1+q_M)/max(1+q_E,1+q_M); w_E=0.5+0.25*b; score=w_E*h_E+(1-w_E)*h_M",1.0,1.0,0.006348868975392994,1,7499,-0.008095779190531395,,,1,1,1,,1,ok,,251.08130329998676
erp-v6-hierarchical-v2-surface-calibration-046-eeg+20-meg-10,deep_only,20,-10,0.07469086864901787,0.5395271671256439,0.037020886172343025,22.708792896621485,0.0,0.04217844427425491,0.5105446110685637,"h_m=g_m/sqrt(1+q_m); b=min(1+q_E,1+q_M)/max(1+q_E,1+q_M); w_E=0.5+0.25*b; score=w_E*h_E+(1-w_E)*h_M",1.0,1.0,0.006348868975392994,1,7503,0.0,,,1,1,1,,1,ok,,112.4366977000027
erp-v6-hierarchical-v2-surface-calibration-047-eeg+20-meg-10,deep_only,20,-10,0.06380974528623393,0.6804422816154646,0.0057204174916767915,31.090465200933963,0.0,0.03116190412755051,0.5077904760318876,"h_m=g_m/sqrt(1+q_m); b=min(1+q_E,1+q_M)/max(1+q_E,1+q_M); w_E=0.5+0.25*b; score=w_E*h_E+(1-w_E)*h_M",1.0,1.0,0.006348868975392994,1,7507,0.0,,,1,1,1,,1,ok,,113.19919670000672
erp-v6-hierarchical-v2-surface-calibration-048-eeg+20-meg-10,deep_only,20,-10,0.10406452407457523,0.7665722603222067,0.04846133846992152,22.561231838642193,0.02782611795995149,0.04362361547982561,0.5109059038699564,"h_m=g_m/sqrt(1+q_m); b=min(1+q_E,1+q_M)/max(1+q_E,1+q_M); w_E=0.5+0.25*b; score=w_E*h_E+(1-w_E)*h_M",1.0,1.0,0.006348868975392994,1,7511,0.0,,,1,1,1,,1,ok,,106.50448110001162
erp-v6-hierarchical-v2-surface-calibration-049-eeg+20-meg-10,deep_only,20,-10,0.0852310407694681,0.8246093889511924,0.006084756304419356,25.102998400886808,0.03523638985177535,0.039659673342990545,0.5099149183357476,"h_m=g_m/sqrt(1+q_m); b=min(1+q_E,1+q_M)/max(1+q_E,1+q_M); w_E=0.5+0.25*b; score=w_E*h_E+(1-w_E)*h_M",1.0,1.0,0.006348868975392994,1,7508,0.0,,,1,1,1,,1,ok,,85.75469319999684
erp-v6-hierarchical-v2-surface-calibration-050-eeg+20-meg-10,deep_only,20,-10,0.08901404674216934,0.4587287025779102,0.07477090704282903,17.614360652944956,0.12071176283848284,0.06020683620208983,0.5150517090505224,"h_m=g_m/sqrt(1+q_m); b=min(1+q_E,1+q_M)/max(1+q_E,1+q_M); w_E=0.5+0.25*b; score=w_E*h_E+(1-w_E)*h_M",1.0,1.0,0.006348868975392994,1,7505,0.0,,,1,1,1,,1,ok,,111.3298731999821
erp-v6-hierarchical-v2-surface-calibration-051-eeg+20-meg-10,deep_only,20,-10,0.13038510926770727,0.9680468429051523,0.059397050936975324,22.52842424420323,0.04697368599665275,0.04449824922952921,0.5111245623073823,"h_m=g_m/sqrt(1+q_m); b=min(1+q_E,1+q_M)/max(1+q_E,1+q_M); w_E=0.5+0.25*b; score=w_E*h_E+(1-w_E)*h_M",1.0,1.0,0.006348868975392994,1,7498,0.0,,,1,1,1,,1,ok,,122.86587949999375
erp-v6-hierarchical-v2-surface-calibration-052-eeg+20-meg-10,deep_only,20,-10,0.11282686675069749,0.8459330609169196,0.03955867493097711,20.117020430476103,0.09711481425753732,0.05195405373923777,0.5129885134348094,"h_m=g_m/sqrt(1+q_m); b=min(1+q_E,1+q_M)/max(1+q_E,1+q_M); w_E=0.5+0.25*b; score=w_E*h_E+(1-w_E)*h_M",1.0,1.0,0.006348868975392994,1,7498,0.0,,,1,1,1,,1,ok,,150.6000596000231
erp-v6-hierarchical-v2-surface-calibration-053-eeg+20-meg-10,deep_only,20,-10,0.0548967135911272,0.56338042119825,0.006861256774789471,29.79027110211892,0.0826158386015663,0.03516097130197282,0.5087902428254932,"h_m=g_m/sqrt(1+q_m); b=min(1+q_E,1+q_M)/max(1+q_E,1+q_M); w_E=0.5+0.25*b; score=w_E*h_E+(1-w_E)*h_M",1.0,1.0,0.006348868975392994,1,7507,0.0,,,1,1,1,,1,ok,,139.90752510004677
erp-v6-hierarchical-v2-surface-calibration-054-eeg+20-meg-10,deep_only,20,-10,0.0728118547440785,0.4664546402258289,0.03687087656893025,17.379170923733998,0.1413324339767934,0.06209923389432819,0.5155248084735821,"h_m=g_m/sqrt(1+q_m); b=min(1+q_E,1+q_M)/max(1+q_E,1+q_M); w_E=0.5+0.25*b; score=w_E*h_E+(1-w_E)*h_M",1.0,1.0,0.006348868975392994,1,7505,-0.008968986846617663,,,1,1,1,,1,ok,,142.09935769997537
erp-v6-hierarchical-v2-surface-calibration-055-eeg+20-meg-10,deep_only,20,-10,0.05793634830662513,0.5619744410955947,0.00844211124829255,27.262001377664557,0.0,0.03538319833181734,0.5088457995829543,"h_m=g_m/sqrt(1+q_m); b=min(1+q_E,1+q_M)/max(1+q_E,1+q_M); w_E=0.5+0.25*b; score=w_E*h_E+(1-w_E)*h_M",1.0,1.0,0.006348868975392994,1,7499,0.0,,,1,1,1,,1,ok,,143.46350159996655
erp-v6-hierarchical-v2-surface-calibration-056-eeg+20-meg-10,deep_only,20,-10,0.11768042136922433,0.8058730328364203,0.05793998375961864,19.80470024196866,0.08952006036614124,0.05236893815794025,0.513092234539485,"h_m=g_m/sqrt(1+q_m); b=min(1+q_E,1+q_M)/max(1+q_E,1+q_M); w_E=0.5+0.25*b; score=w_E*h_E+(1-w_E)*h_M",1.0,1.0,0.006348868975392994,1,7511,0.0,,,1,1,1,,1,ok,,93.89313079998828
