metric,metric_label,direction,method,n_snr_pairs,mean,sd_across_snr_pairs,median,q25,q75,min,max,bootstrap_mean_ci_low,bootstrap_mean_ci_high
auc_tie_corrected,An_auc,higher,OASTER,49,0.9674241554835052,0.00803141686777282,0.9682242957474608,0.9624294418029486,0.973893334787233,0.9516558037399321,0.9810298308704749,0.9651853985489898,0.969623610909025
auc_tie_corrected,An_auc,higher,dSPM,49,0.9360264092654074,0.016466527773770185,0.9394101857806372,0.9339547375849532,0.9458591782422996,0.8607403606357384,0.9516118944128316,0.9310431074724443,0.94013217200466
auc_tie_corrected,An_auc,higher,eLORETA,49,0.9242010466133035,0.04857878813402753,0.9427675330402987,0.9261749789369376,0.9491359137537605,0.7243541886510986,0.9549666161043625,0.9096630410539701,0.9363492539638297
auc_tie_corrected,An_auc,higher,sLORETA,49,0.9180303034695964,0.03795827669499725,0.9320132083122478,0.9134521988207192,0.9415712054605252,0.7749060545023647,0.9494567228028415,0.9068273104452985,0.9277249910067868
auc_tie_corrected,An_auc,higher,MNE,49,0.9060166340969792,0.05648149816552577,0.9280192643173987,0.8951038107965124,0.9414838369479471,0.7149040031398538,0.9539088856011999,0.8897368132614037,0.9205758943546921
auc_tie_corrected,An_auc,higher,LCMV,49,0.7590820391505758,0.006393025197369775,0.7603880298337751,0.7584930812764226,0.7632157666373218,0.7323409726074492,0.7653648161450516,0.7571631743569013,0.7606939329872232
auc_tie_corrected,An_auc,higher,RAP-MUSIC,49,0.6479966148205538,0.004797195415755732,0.6485791594129585,0.6461893507348713,0.6511136211816138,0.6243858154783596,0.6537289907508261,0.6465376433427382,0.6492377496806424
auc_tie_corrected,An_auc,higher,Dipole fitting (grid),49,0.6420165571369836,0.005287280677885301,0.6421170340757293,0.6410689865750266,0.6444292106508065,0.6083624015585122,0.6466977542182716,0.6402736192260275,0.6431412174474871
auc,Parcel AUC,higher,OASTER,49,0.9247745010559042,0.026466864818214746,0.9305407282781184,0.9134370687905013,0.9437056081726852,0.8570238128183226,0.9667800974137017,0.9172305431051841,0.9319046129803339
auc,Parcel AUC,higher,dSPM,49,0.887799765838848,0.029389181738261005,0.8972762010807068,0.8782671048643138,0.90761192303144,0.7655831364910151,0.9156313643648983,0.8790925668008354,0.8954205919797044
auc,Parcel AUC,higher,eLORETA,49,0.8663390956032377,0.06527284249815304,0.8918957153369107,0.8531442658592406,0.9040261934818231,0.622755089008931,0.9173326394620259,0.846758644753219,0.8831032142767818
auc,Parcel AUC,higher,sLORETA,49,0.8780800967680815,0.03825778040479208,0.8895196710887151,0.8693636739596501,0.9033761384073772,0.7312013143924196,0.910171818187455,0.8670400799262251,0.887864542156542
auc,Parcel AUC,higher,MNE,49,0.8169124180429732,0.08893845910394636,0.8482472150883205,0.7841143353571657,0.8774238006257578,0.5521898320050198,0.9084518967639366,0.791313479717158,0.8401017797647037
auc,Parcel AUC,higher,LCMV,49,0.8215193694056985,0.010626138528219057,0.8255399466493298,0.817808021591815,0.8299047860752939,0.7874272640675865,0.8328316948456422,0.8184744547388432,0.824366634744435
auc,Parcel AUC,higher,RAP-MUSIC,49,0.678227107513291,0.024129487516038252,0.6792125232541059,0.6632536184428034,0.6949168038441743,0.6209089792115324,0.7134932503710814,0.6717129228607158,0.684889695348097
auc,Parcel AUC,higher,Dipole fitting (grid),49,0.6541765249944901,0.012091482355685907,0.6547026560511097,0.6474090334136999,0.6637307734190023,0.6049065514999157,0.6762141781408373,0.6506046844608961,0.657376208374513
rmse,Squared relative error (historical RMSE field),lower,OASTER,49,0.6777916430499118,0.062408420041234154,0.6686438260381565,0.625534356374619,0.723787729761083,0.5851992524163374,0.800315860269666,0.6609097170435269,0.6951313860639143
rmse,Squared relative error (historical RMSE field),lower,dSPM,49,1.8266907598808413,0.056080646600473925,1.810682459859931,1.7829323890083835,1.8694916204668253,1.7495576689837926,1.9551569400971027,1.8116290658722654,1.8423451334640066
rmse,Squared relative error (historical RMSE field),lower,eLORETA,49,1.8232680787650801,0.06004281155468894,1.8104754648854433,1.775011620921069,1.867008893982112,1.7353314557395392,1.9557091302276355,1.8069332965733282,1.8401185621059324
rmse,Squared relative error (historical RMSE field),lower,sLORETA,49,1.8361346598945925,0.05426169230229914,1.8289409094582627,1.7970067519083504,1.8738787824230168,1.7570960681820786,1.9564359378797074,1.8216803761005986,1.8515863541741553
rmse,Squared relative error (historical RMSE field),lower,MNE,49,1.833032134046787,0.05983741657000049,1.8239879574161708,1.7904907804805614,1.8775649464592608,1.7361916581510726,1.957795676454858,1.8167152549308203,1.8501396194519657
rmse,Squared relative error (historical RMSE field),lower,LCMV,49,1.8146026963307835,0.11341507836821713,1.8446269077209378,1.7476137645789467,1.910441845544924,1.5573178385936224,1.9583475917703845,1.7820631753216032,1.8454316526731278
rmse,Squared relative error (historical RMSE field),lower,RAP-MUSIC,49,1.1831925151323686,0.09809031350931142,1.152000726036868,1.118397407683986,1.2189465253515261,1.0810398244085877,1.5413289689622496,1.157772875916392,1.2115061029196288
rmse,Squared relative error (historical RMSE field),lower,Dipole fitting (grid),49,1.2617041447394914,0.06902307774566033,1.2542520176730236,1.2216078007237179,1.2669953150984388,1.1832924672878822,1.5746963362251776,1.2442102538476025,1.2822329737691762
surface_sd_mm_penalized,Surface penalized SD (mm),lower,OASTER,49,3.5303524673770847,0.7749923986506487,3.432092723923828,2.769837960333548,4.124739133858844,2.2969318684601636,4.945858894016923,3.317518896276328,3.7467690240795846
surface_sd_mm_penalized,Surface penalized SD (mm),lower,dSPM,49,26.47618663769686,12.241168190554319,20.91117450194844,19.639833312469193,26.29861909076577,18.52509284449128,64.40282677893846,23.311567981190528,30.070373156765832
surface_sd_mm_penalized,Surface penalized SD (mm),lower,eLORETA,49,29.432929388848603,15.447530131914325,22.23600250954676,18.711945962362233,34.274940118779035,17.40181764675033,67.22740270247519,25.361822990700023,33.774470509544386
surface_sd_mm_penalized,Surface penalized SD (mm),lower,sLORETA,49,32.01327041564092,13.082641145935296,24.954439568513607,22.596893345133022,39.890173227980256,20.620950869724386,61.30646404329888,28.54312564791646,35.77802142794202
surface_sd_mm_penalized,Surface penalized SD (mm),lower,MNE,49,34.373579025427055,17.63193839452852,26.1609001655351,19.612869794291367,48.48192497550608,16.366900972618023,70.28198511440111,29.626575893312992,39.28895773479409
surface_sd_mm_penalized,Surface penalized SD (mm),lower,LCMV,49,51.47331269267675,1.617367343555042,50.92242151650222,50.25954832835016,52.534037645058014,49.281187398674795,55.51589738056389,51.04582541636557,51.927753604263806
surface_sd_mm_penalized,Surface penalized SD (mm),lower,RAP-MUSIC,49,4.596915935825391,1.5173152441482147,4.3208310755763035,3.8130197241912493,4.855234135101404,3.054950085164638,12.354414793879803,4.2299121806518585,5.069510892706188
surface_sd_mm_penalized,Surface penalized SD (mm),lower,Dipole fitting (grid),49,6.048823040744499,2.7978401085282485,5.3317513474735705,4.463487830841403,6.472833903051186,3.6193960524700195,19.996695523435637,5.364925534577342,6.901609072882867
surface_dle_mm_penalized,Surface penalized DLE (mm),lower,OASTER,49,8.498676553053896,0.8235393821679717,8.496255470119637,7.904418134034219,9.266082149124928,6.943004774448962,10.146550917685225,8.270563271163873,8.729795792406518
surface_dle_mm_penalized,Surface penalized DLE (mm),lower,dSPM,49,15.890145769357977,2.622464145988529,15.42674228568943,13.640500093063388,17.37325556080381,12.37185277440188,21.98406983044285,15.171064616684173,16.62383531162055
surface_dle_mm_penalized,Surface penalized DLE (mm),lower,eLORETA,49,12.971502208647507,7.898944809243946,10.508960877772749,9.01264394283868,11.094913177483166,8.287652014232128,47.59590192345822,10.995797366170247,15.321918196556604
surface_dle_mm_penalized,Surface penalized DLE (mm),lower,sLORETA,49,20.183651183523946,9.996773071775516,16.814702565732635,15.690049512450523,18.028612599947653,13.801254226633835,62.47782856840947,17.606274250724752,23.126403596684916
surface_dle_mm_penalized,Surface penalized DLE (mm),lower,MNE,49,30.09201392374785,17.180609379892395,22.003172362103896,18.23958632917945,38.38460777645708,13.544885436760097,72.41944236509862,25.579553906177487,35.024530377998644
surface_dle_mm_penalized,Surface penalized DLE (mm),lower,LCMV,49,47.91279125255336,2.7671529320996817,47.690016002782556,46.092235676025616,48.61357785679038,44.38094307087488,57.77505609649597,47.18885545745696,48.72283368551474
surface_dle_mm_penalized,Surface penalized DLE (mm),lower,RAP-MUSIC,49,8.534294206727424,0.918359076650042,8.515827602186269,7.856088734922886,9.181162054402549,7.1546175344949345,12.108037742642551,8.291322963009144,8.792351271703273
surface_dle_mm_penalized,Surface penalized DLE (mm),lower,Dipole fitting (grid),49,9.618396283881635,1.086127299582735,9.49776394821616,8.766988916720324,10.349289926648085,7.861937181017672,13.075551191588481,9.324933806664376,9.929080879031007
deep_sd_mm_penalized,Deep penalized SD (mm),lower,OASTER,49,4.540289626100683,2.957441964161749,3.4723214969513214,2.414206487353551,5.860559235339586,1.1672024307768796,13.356962848298458,3.76158817397323,5.393940423747903
deep_sd_mm_penalized,Deep penalized SD (mm),lower,dSPM,49,20.797457963725314,1.2801248503269216,20.636535870287105,19.656055831046785,21.760502725276535,18.84825074771844,23.468949991131797,20.449238216999053,21.15025952756706
deep_sd_mm_penalized,Deep penalized SD (mm),lower,eLORETA,49,21.036613193673926,1.2704803572822259,21.125771445654546,20.106328739565885,21.908716708654207,18.920304729811047,23.520295671740158,20.679976921567057,21.382947923215742
deep_sd_mm_penalized,Deep penalized SD (mm),lower,sLORETA,49,20.866762067525293,1.306626680953932,20.786709547215946,19.814315056177183,21.85241544689421,18.8506895919081,23.514715826780066,20.511059809809147,21.22994461672696
deep_sd_mm_penalized,Deep penalized SD (mm),lower,MNE,49,21.047194654603317,1.3884729471576323,20.800090315039274,19.737243172486938,22.01967071312404,19.120475760693367,23.94071971668198,20.675552074378828,21.44241575554152
deep_sd_mm_penalized,Deep penalized SD (mm),lower,LCMV,49,13.39847837766297,4.535825629288012,13.011299417175811,9.206678508640495,16.52537248555168,5.553609450076801,22.01310658425645,12.179029979804817,14.70360468006264
deep_sd_mm_penalized,Deep penalized SD (mm),lower,RAP-MUSIC,49,97.48972447011111,34.296770093399196,100.00261141712521,74.87411116123461,117.16161474846837,44.74085961958244,165.77062089819648,88.15171831769234,107.06785859956516
deep_sd_mm_penalized,Deep penalized SD (mm),lower,Dipole fitting (grid),49,126.15811282091465,17.107658049197955,126.58432500085728,111.52364632634071,133.27145576511654,95.57275829614485,175.52183389220804,121.47260782830675,131.0593653957171
deep_dle_mm_penalized,Deep penalized DLE (mm),lower,OASTER,49,4.213353776979294,2.9138160530974218,3.354517445070685,2.045041876289284,5.680635928160993,0.5425706116218886,12.205943417845944,3.437441380454767,5.039343826101161
deep_dle_mm_penalized,Deep penalized DLE (mm),lower,dSPM,49,14.096689660656255,1.034776962033627,14.021078379891607,13.409132483074542,14.885770808613847,12.063490103972518,16.22804067493947,13.811634308135858,14.38257162059036
deep_dle_mm_penalized,Deep penalized DLE (mm),lower,eLORETA,49,12.708136161371726,1.6746580999138476,12.277621874365883,11.61770173324174,12.933013672744094,10.792157033943225,18.69474909962084,12.27321779543767,13.194492673573887
deep_dle_mm_penalized,Deep penalized DLE (mm),lower,sLORETA,49,12.979785322075655,1.3651848170073984,12.54164503006364,12.243295600344402,12.890212698885266,11.71441753404528,18.510975542954707,12.635507865955251,13.379210125336462
deep_dle_mm_penalized,Deep penalized DLE (mm),lower,MNE,49,16.319103647392648,1.932219485306516,15.777390050951949,15.036985687039897,16.880585589236354,13.489732033862689,22.382456225348847,15.814153396446553,16.884527355176754
deep_dle_mm_penalized,Deep penalized DLE (mm),lower,LCMV,49,4.753496613325644,4.016417622019618,3.630696582338331,1.5649056085388164,7.662843920008455,0.187667998160157,14.605183688559123,3.678703870156718,5.91078606267709
deep_dle_mm_penalized,Deep penalized DLE (mm),lower,RAP-MUSIC,49,97.48992538483306,34.29672991401606,100.00261141712521,74.87411116123461,117.16161474846837,44.74085961958244,165.77062089819648,88.06769667852046,107.09206049114961
deep_dle_mm_penalized,Deep penalized DLE (mm),lower,Dipole fitting (grid),49,126.15811282091465,17.107658049197955,126.58432500085728,111.52364632634071,133.27145576511654,95.57275829614485,175.52183389220804,121.56148167786428,131.090193238417
deep_sensitivity,Deep sensitivity,higher,OASTER,49,0.8154261704681873,0.1419649898931715,0.8627450980392157,0.7401960784313726,0.9166666666666666,0.39215686274509803,0.9803921568627452,0.7756077430972389,0.8525460184073629
deep_sensitivity,Deep sensitivity,higher,dSPM,49,0.4921218487394959,0.0410035907458863,0.48774509803921573,0.4669117647058824,0.5159313725490197,0.40686274509803927,0.5833333333333334,0.4809173669467787,0.5034763905562224
deep_sensitivity,Deep sensitivity,higher,eLORETA,49,0.5483943577430972,0.04263397028256274,0.5588235294117647,0.5245098039215687,0.573529411764706,0.3786764705882353,0.6029411764705882,0.5359137404961984,0.5596238495398159
deep_sensitivity,Deep sensitivity,higher,sLORETA,49,0.5439675870348138,0.038817641877767414,0.553921568627451,0.5294117647058824,0.5637254901960784,0.3958333333333333,0.5980392156862745,0.5322128851540616,0.5539472038815526
deep_sensitivity,Deep sensitivity,higher,MNE,49,0.39570828331332525,0.0518522874744935,0.400735294117647,0.3799019607843137,0.4264705882352941,0.1911764705882353,0.4718137254901961,0.3803765256102441,0.40953881552621046
deep_sensitivity,Deep sensitivity,higher,LCMV,49,0.7743347338935573,0.27043829598685637,0.9117647058823529,0.5330882352941176,0.9803921568627452,0.10416666666666667,1.0,0.696328531412565,0.8467668317326932
deep_sensitivity,Deep sensitivity,higher,RAP-MUSIC,49,0.5814825930372148,0.14645208663893178,0.5735294117647058,0.5,0.6715686274509803,0.2916666666666667,0.8088235294117646,0.5414653361344538,0.6226515606242496
deep_sensitivity,Deep sensitivity,higher,Dipole fitting (grid),49,0.45488195278111243,0.06776107239678611,0.46078431372549017,0.4215686274509804,0.5098039215686274,0.25,0.5784313725490197,0.43587184873949575,0.4733893557422969
deep_specificity,Deep specificity,higher,OASTER,49,0.9774909963985593,0.02477225430760089,0.9852941176470589,0.9558823529411765,1.0,0.9264705882352942,1.0,0.9705882352941178,0.9840936374549819
deep_specificity,Deep specificity,higher,dSPM,49,0.08253301320528213,0.06609583366897827,0.07352941176470588,0.029411764705882353,0.11764705882352941,0.0,0.20588235294117646,0.06422569027611046,0.10084033613445378
deep_specificity,Deep specificity,higher,eLORETA,49,0.10744297719087637,0.07948911909865938,0.10294117647058823,0.029411764705882353,0.17647058823529413,0.0,0.23529411764705882,0.08553421368547419,0.13025210084033612
deep_specificity,Deep specificity,higher,sLORETA,49,0.030012004801920764,0.039932088001885004,0.014705882352941176,0.0,0.04411764705882353,0.0,0.17647058823529413,0.019807923169267706,0.04141656662665066
deep_specificity,Deep specificity,higher,MNE,49,0.2496998799519808,0.14360182410983752,0.2647058823529412,0.1323529411764706,0.38235294117647056,0.0,0.4852941176470588,0.21008403361344535,0.2893157262905162
deep_specificity,Deep specificity,higher,LCMV,49,0.6089435774309724,0.4042659983215996,0.7647058823529411,0.1323529411764706,1.0,0.0,1.0,0.4981992797118848,0.7193952581032411
deep_specificity,Deep specificity,higher,RAP-MUSIC,49,0.9987995198079231,0.004068259817444751,1.0,1.0,1.0,0.9852941176470589,1.0,0.9975990396158464,0.9996998799519807
deep_specificity,Deep specificity,higher,Dipole fitting (grid),49,0.9960984393757504,0.006559871847057118,1.0,0.9852941176470589,1.0,0.9852941176470589,1.0,0.994297719087635,0.9978991596638654
deep_balanced_accuracy,Deep balanced accuracy,higher,OASTER,49,0.8964585834333733,0.06790795406412298,0.9191176470588236,0.8651960784313726,0.9485294117647058,0.6887254901960784,0.982843137254902,0.8766006402561024,0.914765906362545
deep_balanced_accuracy,Deep balanced accuracy,higher,dSPM,49,0.287327430972389,0.03855830427104847,0.29044117647058826,0.25796568627450983,0.31066176470588236,0.20343137254901963,0.35906862745098034,0.27658563425370153,0.2977691076430572
deep_balanced_accuracy,Deep balanced accuracy,higher,eLORETA,49,0.3279186674669868,0.053505131385739514,0.32107843137254904,0.28921568627450983,0.37745098039215685,0.18933823529411764,0.40931372549019607,0.31293673719487797,0.34239945978391356
deep_balanced_accuracy,Deep balanced accuracy,higher,sLORETA,49,0.2869897959183674,0.029492686232061218,0.28921568627450983,0.26960784313725494,0.30392156862745096,0.19791666666666666,0.3602941176470588,0.2786236369547819,0.29483043217286914
deep_balanced_accuracy,Deep balanced accuracy,higher,MNE,49,0.3227040816326531,0.08734067844901361,0.3449754901960784,0.2659313725490196,0.3890931372549019,0.10294117647058824,0.4638480392156863,0.2980567226890756,0.34673932072829133
deep_balanced_accuracy,Deep balanced accuracy,higher,LCMV,49,0.6916391556622649,0.14433634962029326,0.696078431372549,0.5441176470588236,0.8186274509803921,0.4754901960784314,0.9338235294117647,0.6515102916166468,0.7311068177270909
deep_balanced_accuracy,Deep balanced accuracy,higher,RAP-MUSIC,49,0.7901410564225689,0.07351772213224372,0.7867647058823529,0.75,0.8357843137254901,0.6458333333333334,0.9044117647058822,0.7697579031612645,0.809925220088035
deep_balanced_accuracy,Deep balanced accuracy,higher,Dipole fitting (grid),49,0.7254901960784315,0.032978363939795204,0.7303921568627451,0.7107843137254902,0.7524509803921569,0.625,0.7892156862745099,0.716186474589836,0.734593837535014
