case_id,development_role,label_posthoc,eeg_snr_db_posthoc_not_used,meg_snr_db_posthoc_not_used,old_fixed_3_to_1_score,eeg_gain,meg_gain,eeg_response_excess,meg_response_excess,cross_modal_consensus,snr_blind_consensus
erp-v6-hierarchical-v1-gate-calibration-000-eeg-10-meg-10,pure_surface_H0,0,-10,-10,-0.013234145813510368,-0.01670628902709384,-0.0028177161727599522,0.5537147116172314,0.13676856510700208,-0.01670628902709384,-0.01496363724015665
erp-v6-hierarchical-v1-gate-calibration-001-eeg-10-meg-10,pure_surface_H0,0,-10,-10,0.015880585508640195,0.018416165325155172,0.00827384605909526,0.09626183182868853,0.15026424118729853,0.020617772375271237,0.01990867403234396
erp-v6-hierarchical-v1-gate-calibration-002-eeg-10-meg-10,pure_surface_H0,0,-10,-10,-0.01751034275070327,-0.016247685253126157,-0.021298315243434607,0.1563997536254842,0.1195645362581188,-0.021298315243434607,-0.02053847781662108
erp-v6-hierarchical-v1-gate-calibration-003-eeg-10-meg-10,pure_surface_H0,0,-10,-10,-0.004275552180711514,-0.005112217643938441,-0.0017655557910307318,0.3165920546410681,0.10610341968863501,-0.005112217643938441,-0.004772506487440194
erp-v6-hierarchical-v1-gate-calibration-004-eeg-10-meg-10,pure_surface_H0,0,-10,-10,5.735876246042383e-06,5.308070456400277e-06,7.0192936149687005e-06,0.15655470558723583,0.09323108460479546,1.1412077751809946e-05,1.1004572523933522e-05
erp-v6-hierarchical-v1-gate-calibration-005-eeg-10-meg-10,pure_surface_H0,0,-10,-10,0.010184381126564938,0.01893151957692805,-0.016057034224524397,0.27633737728542695,0.19703732033538301,-0.016057034224524397,-0.015106851534938591
erp-v6-hierarchical-v1-gate-calibration-006-eeg-10-meg-10,pure_surface_H0,0,-10,-10,-0.014533403105760739,-0.018736906147497505,-0.001922893980550442,0.14532683650601896,0.07338367779063848,-0.018736906147497505,-0.018111962995272003
erp-v6-hierarchical-v1-gate-calibration-007-eeg-10-meg-10,pure_surface_H0,0,-10,-10,3.8089099364430932e-06,2.2685819351021856e-06,8.429893940465816e-06,0.783702182377439,0.14835874837290963,6.641670672844439e-06,5.747073499702353e-06
erp-v6-hierarchical-v1-gate-calibration-008-eeg-10-meg-10,pure_surface_H0,0,-10,-10,-0.16738433874625228,-0.20066667275307318,-0.06753733672578956,0.18117815327938613,0.12514323346937273,-0.20066667275307318,-0.19248478143705447
erp-v6-hierarchical-v1-gate-calibration-009-eeg-10-meg-10,pure_surface_H0,0,-10,-10,-0.0020726273710240505,0.0076717971392975285,-0.03130590090198879,0.0,0.17031657447632975,-0.03130590090198879,-0.030098882199188753
erp-v6-hierarchical-v1-gate-calibration-010-eeg-10-meg-10,pure_surface_H0,0,-10,-10,2.5400010311504987e-05,2.9535695476012857e-05,1.2992954817981384e-05,0.6163195233598557,0.25215017075695223,3.258264488284694e-05,2.8897117934846413e-05
erp-v6-hierarchical-v1-gate-calibration-011-eeg-10-meg-10,pure_surface_H0,0,-10,-10,2.332535493873023e-05,2.1988783886362258e-05,2.7335068095834142e-05,0.11889153618083736,0.14910783252904647,4.650540895749089e-05,4.4917261614408295e-05
erp-v6-hierarchical-v1-gate-calibration-012-eeg-10-meg-10,pure_surface_H0,0,-10,-10,-0.0003815002056443025,-0.002131978182156837,0.004869933723893301,0.13568958727927272,0.06297020217697735,-0.002131978182156837,-0.002065227241482707
erp-v6-hierarchical-v1-gate-calibration-013-eeg-10-meg-10,pure_surface_H0,0,-10,-10,-0.011110094854284948,-0.011817425240532824,-0.008988103695541315,0.0,0.19233099809402887,-0.011817425240532824,-0.011308985698022507
erp-v6-hierarchical-v1-gate-calibration-014-eeg-10-meg-10,pure_surface_H0,0,-10,-10,-0.005878771932786492,-0.005816500201980509,-0.006065587125204442,0.17553384424535512,0.12990348789105655,-0.006065587125204442,-0.005825243191530204
erp-v6-hierarchical-v1-gate-calibration-015-eeg-10-meg-10,pure_surface_H0,0,-10,-10,-3.4561312237480734e-05,-3.577404052841191e-05,-3.0923127364687206e-05,0.38434852312725165,0.2575502599144639,-3.577404052841191e-05,-3.298045434219675e-05
erp-v6-hierarchical-v1-gate-calibration-016-eeg-10-meg-10,pure_surface_H0,0,-10,-10,-0.014445214636113951,-0.020149825637209552,0.0026686183671728553,0.9307678753672581,0.1712208931115462,-0.020149825637209552,-0.017093806218428445
erp-v6-hierarchical-v1-gate-calibration-017-eeg-10-meg-10,pure_surface_H0,0,-10,-10,4.473990943580079e-06,1.6999790934285837e-07,1.738597004629174e-05,0.1133136230901397,0.18167623327594384,1.889177527581498e-06,1.8119580787028476e-06
erp-v6-hierarchical-v1-gate-calibration-018-eeg-10-meg-10,pure_surface_H0,0,-10,-10,-0.01864017362664824,-0.022780987643150966,-0.006217731577140068,0.5758668063965942,0.3345247741183457,-0.022780987643150966,-0.02033258851152357
erp-v6-hierarchical-v1-gate-calibration-019-eeg-10-meg+20,pure_surface_H0,0,-10,20,0.0047964732040367206,0.011529518956523481,-0.015402664053423562,0.4158412173223174,142.17577640771478,-0.015402664053423562,-0.004452751477602445
erp-v6-hierarchical-v1-gate-calibration-020-eeg-10-meg+20,pure_surface_H0,0,-10,20,-0.4086457084086942,-0.04086854883433087,-1.5119771871317842,0.10912510666266972,148.08610947983024,-1.5119771871317842,-0.4326990514239515
erp-v6-hierarchical-v1-gate-calibration-021-eeg-10-meg+20,pure_surface_H0,0,-10,20,0.006939478483241061,-0.0028722814655095844,0.036374758329492995,0.2075720598756159,134.2342908516713,-0.0028722814655095844,-0.0008422776733263959
erp-v6-hierarchical-v1-gate-calibration-022-eeg-10-meg+20,pure_surface_H0,0,-10,20,-0.014645391314795324,0.006243523712243004,-0.07731213639591031,0.08928706894723315,66.28341109304614,-0.07731213639591031,-0.026994213237965328
erp-v6-hierarchical-v1-gate-calibration-023-eeg-10-meg+20,pure_surface_H0,0,-10,20,-0.15364703723888226,-0.006488231223285171,-0.5951234552856736,0.27025407661780165,66.44906061400212,-0.5951234552856736,-0.20766489692351553
erp-v6-hierarchical-v1-gate-calibration-024-eeg-10-meg+20,pure_surface_H0,0,-10,20,-0.027153301392069003,-0.009866977664413829,-0.07901227257503453,0.3240844513480057,130.58549057368393,-0.07901227257503453,-0.0233288081874367
erp-v6-hierarchical-v1-gate-calibration-025-eeg-10-meg+20,pure_surface_H0,0,-10,20,-0.016740701545624605,0.005511717081836538,-0.08349795742800803,0.17690482081809722,154.31783811778345,-0.08349795742800803,-0.023652144163878248
erp-v6-hierarchical-v1-gate-calibration-026-eeg-10-meg+20,pure_surface_H0,0,-10,20,0.007678314099872271,-0.00529996902453558,0.046613163473095826,1.061114211575637,199.32162304360313,-0.00529996902453558,-0.001408774149293308
erp-v6-hierarchical-v1-gate-calibration-027-eeg-10-meg+20,pure_surface_H0,0,-10,20,-0.005487478928979087,0.0002629345801927295,-0.022738719456494538,0.04642520328740796,215.2290373109811,-0.022738719456494538,-0.005929765238272217
erp-v6-hierarchical-v1-gate-calibration-028-eeg-10-meg+20,pure_surface_H0,0,-10,20,0.01727485502992474,-0.003118433619172818,0.07845472097721741,0.0,139.25423169791736,-0.003118433619172818,-0.0009061654728485454
erp-v6-hierarchical-v1-gate-calibration-029-eeg-10-meg+20,pure_surface_H0,0,-10,20,-0.1437659119187792,-0.09351284988391087,-0.29452509802338417,0.5647142922884296,221.23627818133403,-0.29452509802338417,-0.07628138512106884
erp-v6-hierarchical-v1-gate-calibration-030-eeg-10-meg+20,pure_surface_H0,0,-10,20,-0.033662928791147996,-0.0004052247858753719,-0.13343604080696586,0.08387677814676908,125.96843210859038,-0.13343604080696586,-0.03975110524370889
erp-v6-hierarchical-v1-gate-calibration-031-eeg-10-meg+20,pure_surface_H0,0,-10,20,0.0018030459715500271,0.0007638443248938673,0.004920650911518507,0.0,88.48071975925544,0.0027025581442976614,0.0008787041533491548
erp-v6-hierarchical-v1-gate-calibration-032-eeg-10-meg+20,pure_surface_H0,0,-10,20,-0.040124696116127546,-0.0072758105536452474,-0.13867135280357445,0.002135451666571919,87.95378235027947,-0.13867135280357445,-0.04515393957989293
erp-v6-hierarchical-v1-gate-calibration-033-eeg-10-meg+20,pure_surface_H0,0,-10,20,0.030863550707272647,0.022284683327786957,0.056600152845729716,0.1679362830551525,111.56689985886472,0.057799701031167404,0.017744873824928526
erp-v6-hierarchical-v1-gate-calibration-034-eeg-10-meg+20,pure_surface_H0,0,-10,20,0.01203434658101795,0.005311470183185587,0.032202975774515044,0.4174260859967047,187.85634177312676,0.01838989308643292,0.004960738235774894
erp-v6-hierarchical-v1-gate-calibration-035-eeg-10-meg+20,pure_surface_H0,0,-10,20,-0.0014166235899928307,0.001262403713142286,-0.00945370549939818,0.7425500595666896,199.47360381784907,-0.00945370549939818,-0.002512394128060397
erp-v6-hierarchical-v1-gate-calibration-036-eeg-10-meg+20,pure_surface_H0,0,-10,20,-0.3032650514677238,-0.014923928090607315,-1.1682884215990732,0.12607701027296425,157.2397579556054,-1.1682884215990732,-0.329398160929993
erp-v6-hierarchical-v1-gate-calibration-037-eeg-10-meg+20,pure_surface_H0,0,-10,20,-0.04315957186454443,0.011156066727434598,-0.2061064876404815,0.5729160392162751,190.8623972945595,-0.2061064876404815,-0.0553788835058718
erp-v6-hierarchical-v1-gate-calibration-038-eeg+20-meg-10,pure_surface_H0,0,20,-10,-0.0003768235687435575,-0.0005767237331864763,0.00022287692458519887,418.8308001156432,0.15945909731670915,-0.0005767237331864763,-0.00012740874844585114
erp-v6-hierarchical-v1-gate-calibration-039-eeg+20-meg-10,pure_surface_H0,0,20,-10,-0.10037383193761241,-0.13336423614880336,-0.0014026193040395664,144.99685816119836,0.1824840830657184,-0.13336423614880336,-0.03836661679514127
erp-v6-hierarchical-v1-gate-calibration-040-eeg+20-meg-10,pure_surface_H0,0,20,-10,-0.05577284977675441,-0.07351133231873093,-0.0025574021508248434,167.92854941493866,0.1886877188467857,-0.07351133231873093,-0.020390530772994808
erp-v6-hierarchical-v1-gate-calibration-041-eeg+20-meg-10,pure_surface_H0,0,20,-10,0.028293763979516037,0.036608438608388076,0.0033497400928999325,234.32305471679265,0.06974162053659394,0.01442352691335947,0.0036826067928562127
erp-v6-hierarchical-v1-gate-calibration-042-eeg+20-meg-10,pure_surface_H0,0,20,-10,-0.018899778902376145,-0.02363265963038018,-0.00470113671836405,160.5706786023648,0.043662218566391964,-0.02363265963038018,-0.006628602294466246
erp-v6-hierarchical-v1-gate-calibration-043-eeg+20-meg-10,pure_surface_H0,0,20,-10,0.09002687749433512,0.12307815069342024,-0.009126942102920246,308.6784651316556,0.19118932363045582,-0.009126942102920246,-0.002175692647646185
erp-v6-hierarchical-v1-gate-calibration-044-eeg+20-meg-10,pure_surface_H0,0,20,-10,-0.00010738447014046774,-0.00014211333358189805,-3.197879816176764e-06,240.04498648981948,0.1462082462060732,-0.00014211333358189805,-3.606702336202301e-05
erp-v6-hierarchical-v1-gate-calibration-045-eeg+20-meg-10,pure_surface_H0,0,20,-10,8.28076317464339e-05,0.00011024016417592011,5.10034457975274e-07,815.3931167619775,0.1005716428614396,8.008453116770649e-06,1.4982138373952618e-06
erp-v6-hierarchical-v1-gate-calibration-046-eeg+20-meg-10,pure_surface_H0,0,20,-10,0.02049236537407715,0.027229932536729003,0.00027966388612159205,181.01756349901933,0.2859688365567121,0.003039234278782453,0.0008274387483597864
erp-v6-hierarchical-v1-gate-calibration-047-eeg+20-meg-10,pure_surface_H0,0,20,-10,-0.2732933499453174,-0.36082390217771676,-0.01070169324811951,63.73959532528853,0.18766564695851806,-0.36082390217771676,-0.1272045962491568
erp-v6-hierarchical-v1-gate-calibration-048-eeg+20-meg-10,pure_surface_H0,0,20,-10,0.0015149447311504228,0.001964690200031736,0.00016570832450648362,520.2346716856035,0.25015661843022086,0.0007362918164001478,0.0001540961007083347
erp-v6-hierarchical-v1-gate-calibration-049-eeg+20-meg-10,pure_surface_H0,0,20,-10,-0.2903085149400497,-0.38793643246037623,0.002575237620929887,228.36287329311875,0.0708587347263121,-0.38793643246037623,-0.09968499409941022
erp-v6-hierarchical-v1-gate-calibration-050-eeg+20-meg-10,pure_surface_H0,0,20,-10,-0.09266134022532069,-0.12390244216806187,0.0010619656029028375,138.14808534040358,0.21517068293003172,-0.12390244216806187,-0.03607535038127009
erp-v6-hierarchical-v1-gate-calibration-051-eeg+20-meg-10,pure_surface_H0,0,20,-10,-0.1427246300009369,-0.1877186933928005,-0.007742439825346128,18.68088882438212,0.1385473571267246,-0.1877186933928005,-0.08912434387766542
erp-v6-hierarchical-v1-gate-calibration-052-eeg+20-meg-10,pure_surface_H0,0,20,-10,-0.13255965944369438,-0.17586073806740232,-0.0026564235725705125,149.084182727362,0.1278931446635556,-0.17586073806740232,-0.05024411030110657
erp-v6-hierarchical-v1-gate-calibration-053-eeg+20-meg-10,pure_surface_H0,0,20,-10,0.08142583561061215,0.10896812758199642,-0.0012010403035406648,334.8007767708473,0.20713717718577973,-0.0012010403035406648,-0.0002805673674745935
erp-v6-hierarchical-v1-gate-calibration-054-eeg+20-meg-10,pure_surface_H0,0,20,-10,0.09300710261172988,0.12394189791343113,0.0002027167066261272,1102.745525510215,0.07189999617119858,0.005215210433106234,0.0009048041791200796
erp-v6-hierarchical-v1-gate-calibration-055-eeg+20-meg-10,pure_surface_H0,0,20,-10,-0.015833169882567947,-0.020993167941511647,-0.0003531757057368617,125.68265621014669,0.11772907358599838,-0.020993167941511647,-0.006257468756486672
erp-v6-hierarchical-v1-gate-calibration-056-eeg+20-meg-10,pure_surface_H0,0,20,-10,-0.244602623973294,-0.3262840046010173,0.00044151790987587104,597.3818950815728,0.2528872472452832,-0.3262840046010173,-0.06597071221388985
erp-v6-hierarchical-v1-surface-calibration-000-eeg-10-meg-10,pure_deep_H1,1,-10,-10,0.0,0.0,0.0,0.0,0.1516018850406613,0.0,0.0
erp-v6-hierarchical-v1-surface-calibration-001-eeg-10-meg-10,pure_deep_H1,1,-10,-10,0.0456389252907852,0.03698250437430319,0.07160818804023121,0.03994653636106826,0.0805724993429584,0.08844365600768364,0.08674674927708755
erp-v6-hierarchical-v1-surface-calibration-002-eeg-10-meg-10,pure_deep_H1,1,-10,-10,0.02197633865408971,0.013374791572827631,0.04778097989787595,0.06218549249065708,0.03599162993817773,0.038654440448544984,0.038075823023930644
erp-v6-hierarchical-v1-surface-calibration-003-eeg-10-meg-10,pure_deep_H1,1,-10,-10,0.0443843454697022,0.03134780524733712,0.08349396613679744,0.02479742651838923,0.1431483347026956,0.08250787356027126,0.07979391014906406
erp-v6-hierarchical-v1-surface-calibration-004-eeg-10-meg-10,pure_deep_H1,1,-10,-10,0.024237148603524227,0.02556434443455766,0.020255561110423922,0.06438569633394864,0.06767874265755824,0.04301122284420149,0.042312787904159405
erp-v6-hierarchical-v1-surface-calibration-005-eeg-10-meg-10,pure_deep_H1,1,-10,-10,0.010598796459112964,0.011243166815652437,0.008665685389494538,0.0,0.038441337749642424,0.01853633614848957,0.018362356067038295
erp-v6-hierarchical-v1-surface-calibration-006-eeg-10-meg-10,pure_deep_H1,1,-10,-10,0.027719269826722844,0.008681126854722818,0.08483369874272292,0.046123424766711274,0.01032242334674871,0.03581877782788034,0.03541726585769304
erp-v6-hierarchical-v1-surface-calibration-007-eeg-10-meg-10,pure_deep_H1,1,-10,-10,0.030297734791712508,0.014801268500230284,0.07678713366615918,0.0,0.03424256443176743,0.04851398098018203,0.04810733641901585
erp-v6-hierarchical-v1-surface-calibration-008-eeg-10-meg-10,pure_deep_H1,1,-10,-10,0.02249168743033199,0.01707114850354393,0.03875330421069616,0.09522456799250234,0.04359728391703044,0.04279202351167319,0.04182991953689446
erp-v6-hierarchical-v1-surface-calibration-009-eeg-10-meg-10,pure_deep_H1,1,-10,-10,0.04180179079651474,0.03981328273343547,0.04776731498575255,0.0020440993084880343,0.07232440194365708,0.08342261220483224,0.08197892848232574
erp-v6-hierarchical-v1-surface-calibration-010-eeg-10-meg-10,pure_deep_H1,1,-10,-10,0.011893706425264005,0.01202127778697071,0.01151099234014389,0.029008313036788413,0.03302702605335295,0.023274360757589707,0.023086061101982448
erp-v6-hierarchical-v1-surface-calibration-011-eeg-10-meg-10,pure_deep_H1,1,-10,-10,0.03061431471268738,0.012612597688176616,0.08461946578621968,0.0,0.04163228481262138,0.04528171580529167,0.04482231327285918
erp-v6-hierarchical-v1-surface-calibration-012-eeg-10-meg-10,pure_deep_H1,1,-10,-10,0.017826448926461715,0.010990908632404596,0.038333069808633075,0.07820265988492126,0.0,0.03151687433115488,0.03092915395249807
erp-v6-hierarchical-v1-surface-calibration-013-eeg-10-meg-10,pure_deep_H1,1,-10,-10,0.03782800328070586,0.039712056004953485,0.032175845107962994,0.18248843030761863,0.08972829192009146,0.06792173945870117,0.06513427365893093
erp-v6-hierarchical-v1-surface-calibration-014-eeg-10-meg-10,pure_deep_H1,1,-10,-10,0.03984093175375607,0.033963580169091956,0.057472986507748396,0.05154725343380995,0.05577722729905443,0.07814489278894349,0.07709168303674796
erp-v6-hierarchical-v1-surface-calibration-015-eeg-10-meg-10,pure_deep_H1,1,-10,-10,0.028208057849840908,0.02078347964016041,0.050481792478882404,0.0,0.09891575727140878,0.05317464056692645,0.05193539784032912
erp-v6-hierarchical-v1-surface-calibration-016-eeg-10-meg-10,pure_deep_H1,1,-10,-10,0.021458334266555766,0.020069567466158296,0.025624634667748176,0.0,0.0,0.042747206987502465,0.042747206987502465
erp-v6-hierarchical-v1-surface-calibration-017-eeg-10-meg-10,pure_deep_H1,1,-10,-10,0.01915249925304415,0.01762509440285438,0.02373471380361347,0.021305457540113037,0.10592771217726926,0.03807812770878283,0.037131620310460876
erp-v6-hierarchical-v1-surface-calibration-018-eeg-10-meg-10,pure_deep_H1,1,-10,-10,0.01416230236605023,0.0069708446003272926,0.03573667566321904,0.0,0.1361150122085335,0.022754215994950124,0.022039731616661017
erp-v6-hierarchical-v1-surface-calibration-019-eeg-10-meg+20,pure_deep_H1,1,-10,20,0.4177718819561406,0.004498378975989733,1.6575923908965933,0.0,96.43718062338748,0.09084928378867708,0.028916140791212616
erp-v6-hierarchical-v1-surface-calibration-020-eeg-10-meg+20,pure_deep_H1,1,-10,20,0.30549214864967233,0.027130459353485875,1.1405772165382317,0.1293413932821521,43.71419532554067,0.20304061770939935,0.07851842347986963
erp-v6-hierarchical-v1-surface-calibration-021-eeg-10-meg+20,pure_deep_H1,1,-10,20,0.8354311297553115,0.008294148736401281,3.3168420728120425,0.03763391886232692,78.99785375826283,0.1741566866618069,0.05823318845019042
erp-v6-hierarchical-v1-surface-calibration-022-eeg-10-meg+20,pure_deep_H1,1,-10,20,0.27905013395312667,0.016085789441795232,1.067943167487121,0.02768258874682794,61.62607875171086,0.14715336334167972,0.05230959864678186
erp-v6-hierarchical-v1-surface-calibration-023-eeg-10-meg+20,pure_deep_H1,1,-10,20,0.2530077926824582,0.01103694082260222,0.9789203482620261,0.04219275311732806,46.610163366126976,0.11498060803619026,0.04377233184469425
erp-v6-hierarchical-v1-surface-calibration-024-eeg-10-meg+20,pure_deep_H1,1,-10,20,0.3035348289653522,0.01116994852546018,1.1806294702850284,0.015872089138285084,38.587248031434775,0.12600709587214884,0.05023497313176242
erp-v6-hierarchical-v1-surface-calibration-025-eeg-10-meg+20,pure_deep_H1,1,-10,20,0.2446167876813807,0.026539392839450567,0.8988489722071711,0.10731514915624207,66.01465659972688,0.18098972782368586,0.06325742042054415
erp-v6-hierarchical-v1-surface-calibration-026-eeg-10-meg+20,pure_deep_H1,1,-10,20,0.36532961336530034,0.02775028076073397,1.3780676111789993,0.01304001490156348,64.24576269066078,0.22330529378134464,0.07857075759856992
erp-v6-hierarchical-v1-surface-calibration-027-eeg-10-meg+20,pure_deep_H1,1,-10,20,0.2025508063533091,-0.0029053066666127315,0.8189191454130746,0.0,64.44262902811009,-0.0029053066666127315,-0.0010214727753705048
erp-v6-hierarchical-v1-surface-calibration-028-eeg-10-meg+20,pure_deep_H1,1,-10,20,0.3974387537008126,0.02252068334370634,1.5221929647721315,0.08997630211415131,90.09270379076112,0.20767150226614778,0.06722116057713308
erp-v6-hierarchical-v1-surface-calibration-029-eeg-10-meg+20,pure_deep_H1,1,-10,20,0.3421778782988956,0.026377779943991996,1.2895781733636065,0.044735215234388725,44.236349170501065,0.21081261742747925,0.08128767716135006
erp-v6-hierarchical-v1-surface-calibration-030-eeg-10-meg+20,pure_deep_H1,1,-10,20,0.21114866902900406,0.005410289054159435,0.8283638089535379,0.0,44.90846116108281,0.07235569702545455,0.027797103726791023
erp-v6-hierarchical-v1-surface-calibration-031-eeg-10-meg+20,pure_deep_H1,1,-10,20,0.8694200919936907,0.026169579901351943,3.399171628270707,0.0,77.96553182106442,0.32442264949903243,0.10883078847199049
erp-v6-hierarchical-v1-surface-calibration-032-eeg-10-meg+20,pure_deep_H1,1,-10,20,0.30008161204581035,0.018074278014909108,1.1461036141385141,0.06689737155987374,38.32103703265422,0.16200132674388018,0.06469375068244318
erp-v6-hierarchical-v1-surface-calibration-033-eeg-10-meg+20,pure_deep_H1,1,-10,20,0.2511124133277356,0.006468386845848872,0.9850444927733957,0.0,37.145456240652805,0.08629099542030795,0.03472200341483912
erp-v6-hierarchical-v1-surface-calibration-034-eeg-10-meg+20,pure_deep_H1,1,-10,20,0.4505938473360612,0.012203200051522575,1.7657657891896772,0.02768981317865382,96.23933384588136,0.15899554716000186,0.05063192832389855
erp-v6-hierarchical-v1-surface-calibration-035-eeg-10-meg+20,pure_deep_H1,1,-10,20,0.2867326992022242,0.011221362769599421,1.1132667085000987,0.029333196952281648,62.504728532153685,0.12299063222859472,0.04356829032712355
erp-v6-hierarchical-v1-surface-calibration-036-eeg-10-meg+20,pure_deep_H1,1,-10,20,0.31703370110322276,0.006582680736965802,1.2483867622019937,0.0,45.639199535822755,0.09723438503330085,0.037207637880614465
erp-v6-hierarchical-v1-surface-calibration-037-eeg-10-meg+20,pure_deep_H1,1,-10,20,0.3320268572759925,0.013396363285641666,1.287918339247045,0.08081029003126106,68.36828887646747,0.14474864516454053,0.05015615802338127
erp-v6-hierarchical-v1-surface-calibration-038-eeg+20-meg-10,pure_deep_H1,1,20,-10,0.41026207350293964,0.5070631419628661,0.11985886812316036,18.514974839797986,0.03177645188186218,0.36638678593905905,0.17432023517479694
erp-v6-hierarchical-v1-surface-calibration-039-eeg+20-meg-10,pure_deep_H1,1,20,-10,0.4268046148153916,0.5509671155365574,0.05431711265189419,21.898771915785293,0.09958751380082176,0.2273111671222383,0.10391248337287574
erp-v6-hierarchical-v1-surface-calibration-040-eeg+20-meg-10,pure_deep_H1,1,20,-10,0.535885195734845,0.7106836618718968,0.011489797323690027,31.119500663493184,0.04180985885354027,0.10185356902543977,0.04278426300987872
erp-v6-hierarchical-v1-surface-calibration-041-eeg+20-meg-10,pure_deep_H1,1,20,-10,0.6279560085650799,0.8244139259181581,0.038582256505845125,25.14449543490764,0.0853924195868998,0.21692952886167674,0.09593423281228224
erp-v6-hierarchical-v1-surface-calibration-042-eeg+20-meg-10,pure_deep_H1,1,20,-10,0.4878577782916546,0.5899049067430178,0.1817163929375652,18.478163067370147,0.043809045082530584,0.5091234665164845,0.24234614492801004
erp-v6-hierarchical-v1-surface-calibration-043-eeg+20-meg-10,pure_deep_H1,1,20,-10,0.6563224308894636,0.8515470998343204,0.07064842405489313,24.66451360202635,0.08886336825773111,0.31592471848998416,0.1403622585306425
erp-v6-hierarchical-v1-surface-calibration-044-eeg+20-meg-10,pure_deep_H1,1,20,-10,0.6152520333641659,0.8181281680246254,0.006623629382787404,25.293701854042002,0.023950431124984295,0.08023733580091269,0.03543346033456244
erp-v6-hierarchical-v1-surface-calibration-045-eeg+20-meg-10,pure_deep_H1,1,20,-10,0.6371753901522083,0.8261280241719028,0.07031748809312464,21.157389165840275,0.11858562392990746,0.3113387475353248,0.1435005374375289
erp-v6-hierarchical-v1-surface-calibration-046-eeg+20-meg-10,pure_deep_H1,1,20,-10,0.5458687305867166,0.7217312394238427,0.01828120407533859,30.216106879548317,0.054304492728384446,0.13314684765710905,0.05632953989909679
erp-v6-hierarchical-v1-surface-calibration-047-eeg+20-meg-10,pure_deep_H1,1,20,-10,0.36129168032920445,0.45108740141570786,0.09190451706969419,18.07623152774392,0.004668001765121277,0.29551436404015363,0.1414019664781917
erp-v6-hierarchical-v1-surface-calibration-048-eeg+20-meg-10,pure_deep_H1,1,20,-10,0.5227643463661956,0.6853979570007206,0.034863514462620454,24.325043622282195,0.0254622064079717,0.18944482506175184,0.08444913313289851
erp-v6-hierarchical-v1-surface-calibration-049-eeg+20-meg-10,pure_deep_H1,1,20,-10,0.47859522760807494,0.6203311101156358,0.053387580085392516,23.78724895945233,0.20955124514795553,0.23537103213738253,0.10548626846257012
erp-v6-hierarchical-v1-surface-calibration-050-eeg+20-meg-10,pure_deep_H1,1,20,-10,0.5144868956658656,0.6746198185678963,0.034088126959773445,23.304812502701363,0.12095020442211535,0.18573418205162798,0.08365054383701781
erp-v6-hierarchical-v1-surface-calibration-051-eeg+20-meg-10,pure_deep_H1,1,20,-10,0.33963088080866594,0.3989923456057714,0.16154648641734956,18.754127459841907,0.08372103416175625,0.41542797755057337,0.19705219568042995
erp-v6-hierarchical-v1-surface-calibration-052-eeg+20-meg-10,pure_deep_H1,1,20,-10,0.6302072732514764,0.8055503639838257,0.10417800105442804,22.771003736108167,0.1124378161143833,0.3938685716094633,0.1783772433265656
erp-v6-hierarchical-v1-surface-calibration-053-eeg+20-meg-10,pure_deep_H1,1,20,-10,0.5506535138599312,0.7183321229262742,0.04761768666090236,25.54967526660571,0.0,0.23256447346176604,0.102453917554144
erp-v6-hierarchical-v1-surface-calibration-054-eeg+20-meg-10,pure_deep_H1,1,20,-10,0.5422369612614608,0.6601971047594863,0.1883565307673844,17.27530393557986,0.18448127431016315,0.540992938807122,0.2616528349017132
erp-v6-hierarchical-v1-surface-calibration-056-eeg+20-meg-10,pure_deep_H1,1,20,-10,0.40121615040451547,0.49539491967479043,0.11867984259369065,19.41698530849545,0.0,0.36115332792501126,0.16990013229796622
