eeg_snr_db,meg_snr_db,scenario,aggregation,case_count,scenario_count,auc,auc_tie_corrected,rmse,surface_sd_mm,surface_dle_mm,deep_sd_mm,deep_dle_mm,deep_score,deep_peak_distance_mm,active_count,surface_sd_mm_penalized,surface_dle_mm_penalized,deep_sd_mm_penalized,deep_dle_mm_penalized,deep_sensitivity,deep_specificity,deep_balanced_accuracy
-10,-10,deep_only,case_weighted_within_scenario,16,1,1.0,1.0,0.3800662428541284,nan,nan,0.0,0.0,1.0,0.0,269.125,nan,nan,0.0,0.0,1.0,nan,nan
-10,-10,deep_plus_surface,case_weighted_within_scenario,68,1,0.7002419559793973,0.9429551958797397,0.9420327787756049,5.811333993553425,6.679727053967092,20.588038935765045,19.52560159576927,0.0669011287099567,19.52560159576927,18.176470588235293,5.811333993553425,6.679727053967092,20.588038935765045,19.52560159576927,0.058823529411764705,nan,nan
-10,-10,deep_plus_two_surface,case_weighted_within_scenario,34,1,0.7691956707608243,0.9007423807547293,1.1544956822261176,4.146780342840197,11.393332537503019,21.664707492286453,19.42563149811255,0.048616670170313354,19.42563149811255,17.38235294117647,4.146780342840197,11.393332537503019,21.664707492286453,19.42563149811255,0.058823529411764705,nan,nan
-10,-10,surface_only,case_weighted_within_scenario,68,1,0.9438889513666645,0.9786987664839728,0.7153891173683761,4.805558892027923,7.887915842994526,nan,nan,0.0025725648933654604,nan,16.779411764705884,4.805558892027923,7.887915842994526,nan,nan,nan,1.0,nan
-10,-5,deep_only,case_weighted_within_scenario,16,1,1.0,1.0,0.30289924297530446,nan,nan,0.0,0.0,1.0,0.0,347.625,nan,nan,0.0,0.0,1.0,nan,nan
-10,-5,deep_plus_surface,case_weighted_within_scenario,68,1,0.7141997036965545,0.940391774023425,0.9231479447605371,4.5249544904017736,6.808525206512723,18.010341362666054,17.65852600326236,0.17734639464968732,17.65852600326236,15.705882352941176,4.5249544904017736,6.808525206512723,18.010341362666054,17.65852600326236,0.19117647058823528,nan,nan
-10,-5,deep_plus_two_surface,case_weighted_within_scenario,34,1,0.7906921802263991,0.9100552893339777,1.131802752530723,4.523463691317245,12.071282009591252,15.860625157394907,14.223800184427455,0.19438368854850094,14.223800184427455,12.117647058823529,4.523463691317245,12.071282009591252,15.860625157394907,14.223800184427455,0.23529411764705882,nan,nan
-10,-5,surface_only,case_weighted_within_scenario,68,1,0.9408198452956296,0.9754089367207955,0.7187645085007411,2.955500688301821,5.028926925756298,nan,nan,0.0030453404258198075,nan,17.38235294117647,2.955500688301821,5.028926925756298,nan,nan,nan,1.0,nan
-10,0,deep_only,case_weighted_within_scenario,16,1,1.0,1.0,0.3112713216225491,nan,nan,0.0,0.0,1.0,0.0,411.125,nan,nan,0.0,0.0,1.0,nan,nan
-10,0,deep_plus_surface,case_weighted_within_scenario,68,1,0.7614850746409662,0.9486388499740325,0.9323238983640636,3.6432234205230403,6.31230558514791,15.44714212668049,16.27085140089685,0.2596861806096399,16.27085140089685,16.014705882352942,3.6432234205230403,6.31230558514791,15.44714212668049,16.27085140089685,0.3235294117647059,nan,nan
-10,0,deep_plus_two_surface,case_weighted_within_scenario,34,1,0.7824790593321667,0.9000825523555512,1.126224841899617,4.9198557599976205,15.469925306884177,19.089501805015992,17.611260563519192,0.11847074766886809,17.611260563519192,16.235294117647058,4.9198557599976205,15.469925306884177,19.089501805015992,17.611260563519192,0.17647058823529413,nan,nan
-10,0,surface_only,case_weighted_within_scenario,68,1,0.9296157886442367,0.9728502552802262,0.7734454820629217,3.1770750704382533,5.633228439116133,nan,nan,0.004255053910578301,nan,18.16176470588235,3.1770750704382533,5.633228439116133,nan,nan,nan,1.0,nan
-10,5,deep_only,case_weighted_within_scenario,16,1,1.0,1.0,0.29476130268425804,nan,nan,0.0,0.0,1.0,0.0,429.3125,nan,nan,0.0,0.0,1.0,nan,nan
-10,5,deep_plus_surface,case_weighted_within_scenario,68,1,0.7872547039696826,0.9491314580694459,0.9159175442571593,5.0515486517652155,6.699270557690996,11.504610900663046,11.230717710900047,0.31840874579741874,11.230717710900047,15.455882352941176,5.0515486517652155,6.699270557690996,11.504610900663046,11.230717710900047,0.4411764705882353,nan,nan
-10,5,deep_plus_two_surface,case_weighted_within_scenario,34,1,0.7771968290294771,0.8946300991676582,1.1834156542968046,5.310112529534351,11.72756517387159,16.39613937473667,15.46888847795157,0.13952874554709305,15.46888847795157,16.823529411764707,5.310112529534351,11.72756517387159,16.39613937473667,15.46888847795157,0.17647058823529413,nan,nan
-10,5,surface_only,case_weighted_within_scenario,68,1,0.9228187199663505,0.9695656468657856,0.8179184114802974,3.3183682282950793,6.342085294040889,nan,nan,0.0045655515172238915,nan,17.735294117647058,3.3183682282950793,6.342085294040889,nan,nan,nan,1.0,nan
-10,10,deep_only,case_weighted_within_scenario,16,1,1.0,1.0,0.30916436783209916,nan,nan,0.0,0.0,1.0,0.0,438.4375,nan,nan,0.0,0.0,1.0,nan,nan
-10,10,deep_plus_surface,case_weighted_within_scenario,68,1,0.7834775448486005,0.9489897061133017,0.9733169546757262,5.198605581437456,6.061563985794968,11.720979502630925,10.684659294498015,0.26826645737679305,10.684659294498015,16.014705882352942,5.198605581437456,6.061563985794968,11.720979502630925,10.684659294498015,0.4117647058823529,nan,nan
-10,10,deep_plus_two_surface,case_weighted_within_scenario,34,1,0.7566977008078973,0.8768052678089564,1.2452970147836004,4.765608731153457,15.965276081415087,18.040817745715835,16.260463597597134,0.09659366472831162,16.260463597597134,16.205882352941178,4.765608731153457,15.965276081415087,18.040817745715835,16.260463597597134,0.14705882352941177,nan,nan
-10,10,surface_only,case_weighted_within_scenario,68,1,0.9190840719302258,0.9689999884749096,0.831379640963949,3.4325188473729473,5.950873643128377,nan,nan,0.004669659568110369,nan,18.16176470588235,3.4325188473729473,5.950873643128377,nan,nan,nan,1.0,nan
-10,15,deep_only,case_weighted_within_scenario,16,1,1.0,1.0,0.2939664929771522,nan,nan,0.0,0.0,1.0,0.0,406.0,nan,nan,0.0,0.0,1.0,nan,nan
-10,15,deep_plus_surface,case_weighted_within_scenario,68,1,0.806287866747531,0.9526124666963564,0.9458777720356527,5.031973756774509,7.0762525663374,10.903955943725904,9.656294030322497,0.2954044845810815,9.656294030322497,15.808823529411764,5.031973756774509,7.0762525663374,10.903955943725904,9.656294030322497,0.5,nan,nan
-10,15,deep_plus_two_surface,case_weighted_within_scenario,34,1,0.7652020423696978,0.8945963741252458,1.245568841449195,6.826166543846456,15.235627837654176,17.28757221015852,15.740074813891454,0.1695360670438913,15.740074813891454,15.5,6.826166543846456,15.235627837654176,17.28757221015852,15.740074813891454,0.2647058823529412,nan,nan
-10,15,surface_only,case_weighted_within_scenario,68,1,0.9202392562091557,0.9681263124246406,0.8305073017198508,3.144299390638431,6.9645721725008976,nan,nan,0.004151895028115526,nan,18.323529411764707,3.144299390638431,6.9645721725008976,nan,nan,nan,1.0,nan
-10,20,deep_only,case_weighted_within_scenario,16,1,1.0,1.0,0.3280626617382625,nan,nan,0.0,0.0,1.0,0.0,484.375,nan,nan,0.0,0.0,1.0,nan,nan
-10,20,deep_plus_surface,case_weighted_within_scenario,68,1,0.7851674478916217,0.9443324822180889,0.9913263960579279,4.9731433641958995,5.9216352557596865,12.025541351971025,10.83383090252972,0.24376545817604148,10.83383090252972,15.470588235294118,4.9731433641958995,5.9216352557596865,12.025541351971025,10.83383090252972,0.38235294117647056,nan,nan
-10,20,deep_plus_two_surface,case_weighted_within_scenario,34,1,0.7787736602698262,0.8913216564512224,1.2742252113215498,5.6052660473852765,13.548273502122449,15.206613380392378,13.919991923583334,0.15192255252307602,13.919991923583334,17.08823529411765,5.6052660473852765,13.548273502122449,15.206613380392378,13.919991923583334,0.29411764705882354,nan,nan
-10,20,surface_only,case_weighted_within_scenario,68,1,0.9103188339497404,0.9643550679428001,0.8685771470110832,3.4339676517991906,6.231361673427743,nan,nan,0.004330037498175683,nan,18.5,3.4339676517991906,6.231361673427743,nan,nan,nan,1.0,nan
-5,-10,deep_only,case_weighted_within_scenario,16,1,1.0,1.0,0.29255154228059777,nan,nan,0.0,0.0,1.0,0.0,203.125,nan,nan,0.0,0.0,1.0,nan,nan
-5,-10,deep_plus_surface,case_weighted_within_scenario,68,1,0.767103655047521,0.9628129257216991,0.8370585230820361,3.3385367201813336,6.264290204605237,15.259665545462909,14.783968373965738,0.2712323071166858,14.783968373965738,17.75,3.3385367201813336,6.264290204605237,15.259665545462909,14.783968373965738,0.29411764705882354,nan,nan
-5,-10,deep_plus_two_surface,case_weighted_within_scenario,34,1,0.797893124285644,0.9174526017102254,1.0454722814673318,4.730010826698915,14.931278589113898,18.967712805117966,17.31590586871934,0.13895845256022019,17.31590586871934,17.441176470588236,4.730010826698915,14.931278589113898,18.967712805117966,17.31590586871934,0.17647058823529413,nan,nan
-5,-10,surface_only,case_weighted_within_scenario,68,1,0.9541494787756205,0.9884836096506295,0.6421098618511919,2.2269988859374945,4.846231329350034,nan,nan,0.0024643788945573506,nan,17.86764705882353,2.2269988859374945,4.846231329350034,nan,nan,nan,1.0,nan
-5,-5,deep_only,case_weighted_within_scenario,16,1,1.0,1.0,0.27244288797814553,nan,nan,0.0,0.0,1.0,0.0,263.4375,nan,nan,0.0,0.0,1.0,nan,nan
-5,-5,deep_plus_surface,case_weighted_within_scenario,68,1,0.770116863514321,0.9550541230735088,0.8469980713368924,3.6452672218755517,6.39078268522805,14.258101675297704,13.81467578305933,0.29626832086153154,13.81467578305933,15.808823529411764,3.6452672218755517,6.39078268522805,14.258101675297704,13.81467578305933,0.3382352941176471,nan,nan
-5,-5,deep_plus_two_surface,case_weighted_within_scenario,34,1,0.8003769008067959,0.9217013590262114,1.0794988988936975,2.3570053661986647,14.632258075242234,16.22057534132238,14.116280160475293,0.18217656192665288,14.116280160475293,12.235294117647058,2.3570053661986647,14.632258075242234,16.22057534132238,14.116280160475293,0.2647058823529412,nan,nan
-5,-5,surface_only,case_weighted_within_scenario,68,1,0.9520036775363548,0.9843830434597791,0.6812159085118467,2.2965865698376677,4.727059473926419,nan,nan,0.002544300919893416,nan,17.426470588235293,2.2965865698376677,4.727059473926419,nan,nan,nan,1.0,nan
-5,0,deep_only,case_weighted_within_scenario,16,1,1.0,1.0,0.31639104688126196,nan,nan,0.0,0.0,1.0,0.0,428.3125,nan,nan,0.0,0.0,1.0,nan,nan
-5,0,deep_plus_surface,case_weighted_within_scenario,68,1,0.792313644824497,0.9558188637481699,0.8441012200125784,4.376491579498881,6.006928008267048,11.976118597688822,11.666795718688762,0.33070271516817484,11.666795718688762,14.397058823529411,4.376491579498881,6.006928008267048,11.976118597688822,11.666795718688762,0.4264705882352941,nan,nan
-5,0,deep_plus_two_surface,case_weighted_within_scenario,34,1,0.8191789452991779,0.9141351920480473,1.0825421749355975,3.1084930225744953,14.764079185587905,14.151050296893015,13.271808536254555,0.2351543449233777,13.271808536254555,13.529411764705882,3.1084930225744953,14.764079185587905,14.151050296893015,13.271808536254555,0.3235294117647059,nan,nan
-5,0,surface_only,case_weighted_within_scenario,68,1,0.9350777858092731,0.9807141968823891,0.7135373879192617,2.578462087036857,4.631441090998669,nan,nan,0.003307083884020126,nan,17.544117647058822,2.578462087036857,4.631441090998669,nan,nan,nan,1.0,nan
-5,5,deep_only,case_weighted_within_scenario,16,1,1.0,1.0,0.2908043019645644,nan,nan,0.0,0.0,1.0,0.0,358.4375,nan,nan,0.0,0.0,1.0,nan,nan
-5,5,deep_plus_surface,case_weighted_within_scenario,68,1,0.7888452835745078,0.9510112262163352,0.8891687678944303,3.909053210038068,6.767406182074286,11.605983318244071,11.227467208150403,0.32369675423755295,11.227467208150403,15.220588235294118,3.909053210038068,6.767406182074286,11.605983318244071,11.227467208150403,0.47058823529411764,nan,nan
-5,5,deep_plus_two_surface,case_weighted_within_scenario,34,1,0.8199552914678938,0.9142615931571054,1.0894775188668224,3.317836187244988,11.643685053665479,14.972516897968559,13.61832683798788,0.19307510777287287,13.61832683798788,15.647058823529411,3.317836187244988,11.643685053665479,14.972516897968559,13.61832683798788,0.29411764705882354,nan,nan
-5,5,surface_only,case_weighted_within_scenario,68,1,0.9239336231802666,0.969200354901164,0.7925034648732442,2.833603846894601,6.020077491588635,nan,nan,0.004328073025360398,nan,16.529411764705884,2.833603846894601,6.020077491588635,nan,nan,nan,1.0,nan
-5,10,deep_only,case_weighted_within_scenario,16,1,1.0,1.0,0.3099514722121509,nan,nan,0.0,0.0,1.0,0.0,424.8125,nan,nan,0.0,0.0,1.0,nan,nan
-5,10,deep_plus_surface,case_weighted_within_scenario,68,1,0.8166030867243216,0.9556586861435752,0.9110414631745898,4.098166860737187,7.231249014807059,9.596803391928315,9.922707334260917,0.3487567197477331,9.922707334260917,15.588235294117647,4.098166860737187,7.231249014807059,9.596803391928315,9.922707334260917,0.5294117647058824,nan,nan
-5,10,deep_plus_two_surface,case_weighted_within_scenario,34,1,0.7646914244605963,0.8934437391099593,1.1417437583631749,5.708844095021214,12.056914873494515,16.79551058040114,16.14474546823954,0.1051796090637078,16.14474546823954,18.352941176470587,5.708844095021214,12.056914873494515,16.79551058040114,16.14474546823954,0.14705882352941177,nan,nan
-5,10,surface_only,case_weighted_within_scenario,68,1,0.934716641664863,0.9741615467536512,0.7608044253378955,2.621990959761606,5.764434121546826,nan,nan,0.005177126119440886,nan,17.073529411764707,2.621990959761606,5.764434121546826,nan,nan,nan,1.0,nan
-5,15,deep_only,case_weighted_within_scenario,16,1,1.0,1.0,0.30488929735198195,nan,nan,0.0,0.0,1.0,0.0,427.4375,nan,nan,0.0,0.0,1.0,nan,nan
-5,15,deep_plus_surface,case_weighted_within_scenario,68,1,0.8126957603173965,0.9532545638801057,0.9454130009243331,4.53467924324772,7.313615362311304,9.899872148541036,7.966481754393161,0.33981766634663685,7.966481754393161,16.308823529411764,4.53467924324772,7.313615362311304,9.899872148541036,7.966481754393161,0.5441176470588235,nan,nan
-5,15,deep_plus_two_surface,case_weighted_within_scenario,34,1,0.7861770883946362,0.874297260808174,1.2286256263445392,5.803071069223786,15.488658616099247,15.86532270110677,13.013648180736544,0.16701231281511533,13.013648180736544,14.647058823529411,5.803071069223786,15.488658616099247,15.86532270110677,13.013648180736544,0.23529411764705882,nan,nan
-5,15,surface_only,case_weighted_within_scenario,68,1,0.9083729036849645,0.9664644184390141,0.8724400949721742,1.9091324118003523,5.617049723662108,nan,nan,0.004283439730003745,nan,15.5,1.9091324118003523,5.617049723662108,nan,nan,nan,1.0,nan
-5,20,deep_only,case_weighted_within_scenario,16,1,1.0,1.0,0.31045970451232185,nan,nan,0.0,0.0,1.0,0.0,437.75,nan,nan,0.0,0.0,1.0,nan,nan
-5,20,deep_plus_surface,case_weighted_within_scenario,68,1,0.799077735665897,0.9496935795660392,0.9325479586946585,4.107794527767336,6.585412428922971,11.541951887794397,9.67121896247694,0.30674421667177876,9.67121896247694,17.044117647058822,4.107794527767336,6.585412428922971,11.541951887794397,9.67121896247694,0.4264705882352941,nan,nan
-5,20,deep_plus_two_surface,case_weighted_within_scenario,34,1,0.7749776772972103,0.8849295771521827,1.1947123607769428,6.961693954701546,15.228557802344183,17.701326435928948,17.19654232640885,0.13001178527651758,17.19654232640885,16.08823529411765,6.961693954701546,15.228557802344183,17.701326435928948,17.19654232640885,0.20588235294117646,nan,nan
-5,20,surface_only,case_weighted_within_scenario,68,1,0.9149471569185516,0.9650573502671589,0.8525866014770391,2.684748239888597,5.984276216107636,nan,nan,0.005851030370095282,nan,17.485294117647058,2.684748239888597,5.984276216107636,nan,nan,nan,0.9852941176470589,nan
0,-10,deep_only,case_weighted_within_scenario,16,1,1.0,1.0,0.2822744778648616,nan,nan,0.0,0.0,1.0,0.0,277.8125,nan,nan,0.0,0.0,1.0,nan,nan
0,-10,deep_plus_surface,case_weighted_within_scenario,68,1,0.8152538986388504,0.9682064883302516,0.7971058954095769,3.454886737910795,6.23890600626813,11.464048786500262,9.823781296276039,0.4079480648666331,9.823781296276039,16.205882352941178,3.454886737910795,6.23890600626813,11.464048786500262,9.823781296276039,0.45588235294117646,nan,nan
0,-10,deep_plus_two_surface,case_weighted_within_scenario,34,1,0.8154458793975893,0.9209119037994647,1.008193448580146,3.3083979375005783,16.146708673646522,16.308982062109045,15.393994499657694,0.2587441386264329,15.393994499657694,14.735294117647058,3.3083979375005783,16.146708673646522,16.308982062109045,15.393994499657694,0.2647058823529412,nan,nan
0,-10,surface_only,case_weighted_within_scenario,68,1,0.9573280300168034,0.9873420904329525,0.6679319328194113,1.473319289860408,4.895123394052385,nan,nan,0.002745336660807165,nan,17.205882352941178,1.473319289860408,4.895123394052385,nan,nan,nan,1.0,nan
0,-5,deep_only,case_weighted_within_scenario,16,1,1.0,1.0,0.2466628663200664,nan,nan,0.0,0.0,1.0,0.0,278.75,nan,nan,0.0,0.0,1.0,nan,nan
0,-5,deep_plus_surface,case_weighted_within_scenario,68,1,0.8647787893273425,0.9731947976040075,0.7142271679647642,3.8034628981220684,6.0435137106120775,9.293370569984512,8.344359178914244,0.46539766837112756,8.344359178914244,15.544117647058824,3.8034628981220684,6.0435137106120775,9.293370569984512,8.344359178914244,0.5882352941176471,nan,nan
0,-5,deep_plus_two_surface,case_weighted_within_scenario,34,1,0.834687709752886,0.9436539609008117,0.9292183889343831,2.0872288051076837,10.610425935459725,14.994655395313771,14.086517091141836,0.3275694861610745,14.086517091141836,15.794117647058824,2.0872288051076837,10.610425935459725,14.994655395313771,14.086517091141836,0.38235294117647056,nan,nan
0,-5,surface_only,case_weighted_within_scenario,68,1,0.9552641975761338,0.9873436562790447,0.6615303696129513,1.823663675924825,5.885781115141938,nan,nan,0.002258721386486355,nan,16.794117647058822,1.823663675924825,5.885781115141938,nan,nan,nan,1.0,nan
0,0,deep_only,case_weighted_within_scenario,16,1,1.0,1.0,0.27608591877692024,nan,nan,0.0,0.0,1.0,0.0,332.1875,nan,nan,0.0,0.0,1.0,nan,nan
0,0,deep_plus_surface,case_weighted_within_scenario,68,1,0.8616392754418304,0.9688950578550324,0.7675400496087278,2.9689216675030528,6.339742379644823,8.201920075866568,8.395656365976592,0.4631852175680634,8.395656365976592,12.970588235294118,2.9689216675030528,6.339742379644823,8.201920075866568,8.395656365976592,0.6470588235294118,nan,nan
0,0,deep_plus_two_surface,case_weighted_within_scenario,34,1,0.8355304447407843,0.9397708762662523,0.9034678106282386,3.3555296125866207,11.246028292798686,13.92278084222787,13.472881365969412,0.27037605238351825,13.472881365969412,16.147058823529413,3.3555296125866207,11.246028292798686,13.92278084222787,13.472881365969412,0.4411764705882353,nan,nan
0,0,surface_only,case_weighted_within_scenario,68,1,0.9506302509107291,0.9841947120789726,0.6570274756817637,2.2987145377647495,4.653660712675708,nan,nan,0.0026993284760107737,nan,17.058823529411764,2.2987145377647495,4.653660712675708,nan,nan,nan,1.0,nan
0,5,deep_only,case_weighted_within_scenario,16,1,1.0,1.0,0.24681736506914959,nan,nan,0.0,0.0,1.0,0.0,303.75,nan,nan,0.0,0.0,1.0,nan,nan
0,5,deep_plus_surface,case_weighted_within_scenario,68,1,0.8381353311303789,0.9655649768453745,0.8291963558548232,5.03878452872024,6.8908578716520905,10.23445974455172,10.358412702955047,0.36367441195067834,10.358412702955047,15.823529411764707,5.03878452872024,6.8908578716520905,10.23445974455172,10.358412702955047,0.5441176470588235,nan,nan
0,5,deep_plus_two_surface,case_weighted_within_scenario,34,1,0.809938402417761,0.9071500860840682,0.995965984297992,3.102446595449767,11.455947947920388,13.367459451084736,13.74004527754831,0.22621599723208763,13.74004527754831,12.911764705882353,3.102446595449767,11.455947947920388,13.367459451084736,13.74004527754831,0.38235294117647056,nan,nan
0,5,surface_only,case_weighted_within_scenario,68,1,0.9460584837402382,0.9791692899182448,0.6982998421049349,2.0331686031401057,4.927318469573654,nan,nan,0.0032790858982191216,nan,16.926470588235293,2.0331686031401057,4.927318469573654,nan,nan,nan,1.0,nan
0,10,deep_only,case_weighted_within_scenario,16,1,1.0,1.0,0.3020417935885663,nan,nan,0.0,0.0,1.0,0.0,417.9375,nan,nan,0.0,0.0,1.0,nan,nan
0,10,deep_plus_surface,case_weighted_within_scenario,68,1,0.8377897430091906,0.9617905095930408,0.8630121815626884,4.952560063971638,6.155070806664265,9.585333972907108,9.194843562332283,0.3095273421266565,9.194843562332283,14.926470588235293,4.952560063971638,6.155070806664265,9.585333972907108,9.194843562332283,0.5441176470588235,nan,nan
0,10,deep_plus_two_surface,case_weighted_within_scenario,34,1,0.8108238034601212,0.9204202921317297,1.071148905395561,6.05070836792096,16.98077560459338,14.479016675461175,14.54462907947967,0.1596720232440414,14.54462907947967,14.0,6.05070836792096,16.98077560459338,14.479016675461175,14.54462907947967,0.2647058823529412,nan,nan
0,10,surface_only,case_weighted_within_scenario,68,1,0.9484553504164812,0.9805477943059693,0.7449297556534825,2.921003174713181,5.473196204059717,nan,nan,0.0035630545344410244,nan,18.558823529411764,2.921003174713181,5.473196204059717,nan,nan,nan,1.0,nan
0,15,deep_only,case_weighted_within_scenario,16,1,1.0,1.0,0.3211802469621558,nan,nan,0.0,0.0,1.0,0.0,453.9375,nan,nan,0.0,0.0,1.0,nan,nan
0,15,deep_plus_surface,case_weighted_within_scenario,68,1,0.8336074342108042,0.9582896013397334,0.8675222076627617,3.7062202778224425,6.586919260835255,8.74064233909672,8.707985777549501,0.36490583574200874,8.707985777549501,15.205882352941176,3.7062202778224425,6.586919260835255,8.74064233909672,8.707985777549501,0.5735294117647058,nan,nan
0,15,deep_plus_two_surface,case_weighted_within_scenario,34,1,0.8159459628599474,0.902703656981619,1.0921670063950677,4.888875153716258,13.832079331058978,15.162177336286186,14.517324299687212,0.17826408323070123,14.517324299687212,15.852941176470589,4.888875153716258,13.832079331058978,15.162177336286186,14.517324299687212,0.20588235294117646,nan,nan
0,15,surface_only,case_weighted_within_scenario,68,1,0.9354048769608352,0.9723340077329832,0.7672921821064385,3.1199701666550985,5.932179044406123,nan,nan,0.004220219297675579,nan,18.676470588235293,3.1199701666550985,5.932179044406123,nan,nan,nan,1.0,nan
0,20,deep_only,case_weighted_within_scenario,16,1,1.0,1.0,0.2906236081348962,nan,nan,0.0,0.0,1.0,0.0,417.5,nan,nan,0.0,0.0,1.0,nan,nan
0,20,deep_plus_surface,case_weighted_within_scenario,68,1,0.8122466481863783,0.9560329847059448,0.9154057485507888,4.865128964470816,6.735237112809585,10.289156540412252,9.152613806936806,0.2942203130287661,9.152613806936806,15.602941176470589,4.865128964470816,6.735237112809585,10.289156540412252,9.152613806936806,0.5294117647058824,nan,nan
0,20,deep_plus_two_surface,case_weighted_within_scenario,34,1,0.7931336132413163,0.8895836447141076,1.2094280781859787,3.916543845091737,11.048700289504026,15.899217174806287,13.7215895707554,0.16300335801798763,13.7215895707554,17.970588235294116,3.916543845091737,11.048700289504026,15.899217174806287,13.7215895707554,0.23529411764705882,nan,nan
0,20,surface_only,case_weighted_within_scenario,68,1,0.9238953538419405,0.9708510705682092,0.7934323109315071,2.668279748448316,6.018609211151478,nan,nan,0.004368796196569945,nan,17.397058823529413,2.668279748448316,6.018609211151478,nan,nan,nan,1.0,nan
5,-10,deep_only,case_weighted_within_scenario,16,1,1.0,1.0,0.21533979638120587,nan,nan,0.0,0.0,1.0,0.0,239.5625,nan,nan,0.0,0.0,1.0,nan,nan
5,-10,deep_plus_surface,case_weighted_within_scenario,68,1,0.8568456432084208,0.9726889008772099,0.8218723821993688,4.55657161303292,7.24027215241188,7.845585970572436,7.7743118830268205,0.537468039992797,7.7743118830268205,14.838235294117647,4.55657161303292,7.24027215241188,7.845585970572436,7.7743118830268205,0.6323529411764706,nan,nan
5,-10,deep_plus_two_surface,case_weighted_within_scenario,34,1,0.8217233263359431,0.9185475310097119,1.0586384125965438,4.075211054973205,15.799587257931712,12.771098536045608,11.852418792942924,0.3261897899098418,11.852418792942924,12.588235294117647,4.075211054973205,15.799587257931712,12.771098536045608,11.852418792942924,0.4117647058823529,nan,nan
5,-10,surface_only,case_weighted_within_scenario,68,1,0.9380956404970385,0.9781804874032147,0.7051835868989587,1.9280069319116444,5.021312176037327,nan,nan,0.0026369815732314034,nan,16.397058823529413,1.9280069319116444,5.021312176037327,nan,nan,nan,1.0,nan
5,-5,deep_only,case_weighted_within_scenario,16,1,1.0,1.0,0.20266365552452875,nan,nan,0.0,0.0,1.0,0.0,228.0625,nan,nan,0.0,0.0,1.0,nan,nan
5,-5,deep_plus_surface,case_weighted_within_scenario,68,1,0.8830472244777905,0.9756656243760919,0.7375891666321819,4.631919893516442,9.09852959421662,7.221576034601447,6.591976101644129,0.5374237450534781,6.591976101644129,15.029411764705882,4.631919893516442,9.09852959421662,7.221576034601447,6.591976101644129,0.6764705882352942,nan,nan
5,-5,deep_plus_two_surface,case_weighted_within_scenario,34,1,0.8161689336400247,0.9115297229785417,1.0014906883221948,4.184442972628267,12.845457443084216,13.632044074480842,13.25790132353561,0.31773671765718164,13.25790132353561,14.029411764705882,4.184442972628267,12.845457443084216,13.632044074480842,13.25790132353561,0.4411764705882353,nan,nan
5,-5,surface_only,case_weighted_within_scenario,68,1,0.9540140499382007,0.9873202351586656,0.6672585031381983,1.9050823073490464,5.528265746833564,nan,nan,0.002260659276565198,nan,16.823529411764707,1.9050823073490464,5.528265746833564,nan,nan,nan,1.0,nan
5,0,deep_only,case_weighted_within_scenario,16,1,1.0,1.0,0.2513864376501085,nan,nan,0.0,0.0,1.0,0.0,340.1875,nan,nan,0.0,0.0,1.0,nan,nan
5,0,deep_plus_surface,case_weighted_within_scenario,68,1,0.9035510902928737,0.9769434820284258,0.6717764603820658,2.9842963855425304,6.540393948212106,5.205224744754025,4.479096328253581,0.5675515211088653,4.479096328253581,14.102941176470589,2.9842963855425304,6.540393948212106,5.205224744754025,4.479096328253581,0.75,nan,nan
5,0,deep_plus_two_surface,case_weighted_within_scenario,34,1,0.8276370142121275,0.9337722119662532,0.9668792725658001,2.1045607859601043,12.030128232069544,12.30264715044566,11.004039712725492,0.31727297938923044,11.004039712725492,13.588235294117647,2.1045607859601043,12.030128232069544,12.30264715044566,11.004039712725492,0.5,nan,nan
5,0,surface_only,case_weighted_within_scenario,68,1,0.9599788536174219,0.9897531824789523,0.6510536897207345,1.8835532544759028,5.346786124407039,nan,nan,0.0026840743382231524,nan,16.0,1.8835532544759028,5.346786124407039,nan,nan,nan,1.0,nan
5,5,deep_only,case_weighted_within_scenario,16,1,1.0,1.0,0.2612497287051384,nan,nan,0.0,0.0,1.0,0.0,334.875,nan,nan,0.0,0.0,1.0,nan,nan
5,5,deep_plus_surface,case_weighted_within_scenario,68,1,0.8898174574279933,0.9697401021294605,0.720439292885113,2.867966692100928,5.318892188752684,6.1211541166346475,6.1218646423711505,0.5111476863314938,6.1218646423711505,13.455882352941176,2.867966692100928,5.318892188752684,6.1211541166346475,6.1218646423711505,0.75,nan,nan
5,5,deep_plus_two_surface,case_weighted_within_scenario,34,1,0.8468009887326353,0.9335956274672679,0.903209462466343,3.263888472672323,13.79833224368835,9.291953988401247,7.740472208018787,0.30831010945771353,7.740472208018787,12.176470588235293,3.263888472672323,13.79833224368835,9.291953988401247,7.740472208018787,0.5588235294117647,nan,nan
5,5,surface_only,case_weighted_within_scenario,68,1,0.947530189192919,0.982458212761072,0.6670306500733237,2.0841635616282606,5.065239323696861,nan,nan,0.0029295401704810494,nan,17.426470588235293,2.0841635616282606,5.065239323696861,nan,nan,nan,1.0,nan
5,10,deep_only,case_weighted_within_scenario,16,1,1.0,1.0,0.30557920214631307,nan,nan,0.0,0.0,1.0,0.0,430.1875,nan,nan,0.0,0.0,1.0,nan,nan
5,10,deep_plus_surface,case_weighted_within_scenario,68,1,0.8780782386828064,0.968810447997689,0.795641553548898,3.2364794839099282,4.90346121534291,6.415674268983703,6.0779848352414865,0.41616056966924597,6.0779848352414865,14.558823529411764,3.2364794839099282,4.90346121534291,6.415674268983703,6.0779848352414865,0.6764705882352942,nan,nan
5,10,deep_plus_two_surface,case_weighted_within_scenario,34,1,0.8439137920783616,0.9259301329135137,0.9618351035920902,2.5945581241844904,11.696500175933034,11.345769235844488,11.205537135453616,0.2748205523180833,11.205537135453616,13.0,2.5945581241844904,11.696500175933034,11.345769235844488,11.205537135453616,0.5,nan,nan
5,10,surface_only,case_weighted_within_scenario,68,1,0.9413066518425569,0.9773452054452916,0.6829801113260483,2.1197369015902487,5.048403614229959,nan,nan,0.0037470642705138327,nan,17.014705882352942,2.1197369015902487,5.048403614229959,nan,nan,nan,1.0,nan
5,15,deep_only,case_weighted_within_scenario,16,1,1.0,1.0,0.3326867961455481,nan,nan,0.0,0.0,1.0,0.0,502.0625,nan,nan,0.0,0.0,1.0,nan,nan
5,15,deep_plus_surface,case_weighted_within_scenario,68,1,0.859297450203598,0.9664967652060101,0.8274580520339382,3.9024295920895318,6.160434077487723,7.725543739961421,6.295490534709067,0.35827466007154574,6.295490534709067,15.220588235294118,3.9024295920895318,6.160434077487723,7.725543739961421,6.295490534709067,0.6176470588235294,nan,nan
5,15,deep_plus_two_surface,case_weighted_within_scenario,34,1,0.8344378829462104,0.9148915945873737,1.0044399478779868,4.367520867150112,13.87399171154872,11.798331725446534,10.779858631107352,0.251326221147966,10.779858631107352,13.941176470588236,4.367520867150112,13.87399171154872,11.798331725446534,10.779858631107352,0.4411764705882353,nan,nan
5,15,surface_only,case_weighted_within_scenario,68,1,0.9348001403353418,0.9727935443206107,0.7613210314378451,2.7047038955789975,5.454340621322466,nan,nan,0.0038472787742519507,nan,17.88235294117647,2.7047038955789975,5.454340621322466,nan,nan,nan,1.0,nan
5,20,deep_only,case_weighted_within_scenario,16,1,1.0,1.0,0.2822227089711184,nan,nan,0.0,0.0,1.0,0.0,380.8125,nan,nan,0.0,0.0,1.0,nan,nan
5,20,deep_plus_surface,case_weighted_within_scenario,68,1,0.8432887511915816,0.9620873146220215,0.8925651373871437,4.433952681813365,7.850529334635722,7.639659801788086,6.838035895210035,0.3849194562882342,6.838035895210035,14.308823529411764,4.433952681813365,7.850529334635722,7.639659801788086,6.838035895210035,0.6176470588235294,nan,nan
5,20,deep_plus_two_surface,case_weighted_within_scenario,34,1,0.7896181405478135,0.8935267374998059,1.1407581880223514,2.928056340384911,15.06219561771383,15.301593335093521,13.073564229081367,0.18018115353580064,13.073564229081367,14.058823529411764,2.928056340384911,15.06219561771383,15.301593335093521,13.073564229081367,0.29411764705882354,nan,nan
5,20,surface_only,case_weighted_within_scenario,68,1,0.9326274949408604,0.9749277627171367,0.7638983458943099,2.731604400836582,6.198826458701489,nan,nan,0.004516207664530727,nan,17.544117647058822,2.731604400836582,6.198826458701489,nan,nan,nan,1.0,nan
10,-10,deep_only,case_weighted_within_scenario,16,1,1.0,1.0,0.2503413572673399,nan,nan,0.0,0.0,1.0,0.0,301.5,nan,nan,0.0,0.0,1.0,nan,nan
10,-10,deep_plus_surface,case_weighted_within_scenario,68,1,0.8444952850868228,0.9677328599543209,0.8663976871602231,6.576314558982776,9.09104984795601,9.565951780525515,8.819982678550884,0.48033488484737275,8.819982678550884,15.794117647058824,6.576314558982776,9.09104984795601,9.565951780525515,8.819982678550884,0.6029411764705882,nan,nan
10,-10,deep_plus_two_surface,case_weighted_within_scenario,34,1,0.81785742636965,0.9170566669264234,0.982933751188758,4.836646952306941,13.173808424423289,14.406454215915355,13.7347905342429,0.36537902370725944,13.7347905342429,16.294117647058822,4.836646952306941,13.173808424423289,14.406454215915355,13.7347905342429,0.38235294117647056,nan,nan
10,-10,surface_only,case_weighted_within_scenario,68,1,0.9463903305563531,0.9818900150908412,0.6777016557523057,2.3227521876069166,5.632339172493897,nan,nan,0.002544129506458681,nan,18.08823529411765,2.3227521876069166,5.632339172493897,nan,nan,nan,1.0,nan
10,-5,deep_only,case_weighted_within_scenario,16,1,1.0,1.0,0.24121382594312524,nan,nan,0.0,0.0,1.0,0.0,287.625,nan,nan,0.0,0.0,1.0,nan,nan
10,-5,deep_plus_surface,case_weighted_within_scenario,68,1,0.9093868553367633,0.9769704979515071,0.7373698971273325,4.204166600409076,6.471922352401969,5.470678635797817,5.36422850614905,0.5355571919386363,5.36422850614905,15.455882352941176,4.204166600409076,6.471922352401969,5.470678635797817,5.36422850614905,0.75,nan,nan
10,-5,deep_plus_two_surface,case_weighted_within_scenario,34,1,0.8202138223887901,0.9159360855179748,0.9587443295941277,3.9498751399218186,12.953346920647244,12.014855859074736,12.037028596127055,0.3902239793663994,12.037028596127055,13.823529411764707,3.9498751399218186,12.953346920647244,12.014855859074736,12.037028596127055,0.5294117647058824,nan,nan
10,-5,surface_only,case_weighted_within_scenario,68,1,0.9428364600352285,0.9804478289499761,0.6866317880067714,1.450297962047361,4.8471767024496515,nan,nan,0.002592553271907157,nan,16.147058823529413,1.450297962047361,4.8471767024496515,nan,nan,nan,1.0,nan
10,0,deep_only,case_weighted_within_scenario,16,1,1.0,1.0,0.19448944485277017,nan,nan,0.0,0.0,1.0,0.0,231.25,nan,nan,0.0,0.0,1.0,nan,nan
10,0,deep_plus_surface,case_weighted_within_scenario,68,1,0.9017080589432593,0.9776473511406643,0.7427215554695286,3.7990662358338216,6.020799471981823,6.522411179743514,6.152390647638577,0.5654528621025053,6.152390647638577,14.779411764705882,3.7990662358338216,6.020799471981823,6.522411179743514,6.152390647638577,0.7058823529411765,nan,nan
10,0,deep_plus_two_surface,case_weighted_within_scenario,34,1,0.8402438248006292,0.9400830261508605,0.9627598945054638,4.711842239191986,13.862328149521877,13.234879233915827,13.82239547738591,0.3395922316047941,13.82239547738591,14.117647058823529,4.711842239191986,13.862328149521877,13.234879233915827,13.82239547738591,0.4117647058823529,nan,nan
10,0,surface_only,case_weighted_within_scenario,68,1,0.9529145548982981,0.98633189549462,0.6850730404454813,1.6881424951362767,4.998479126076348,nan,nan,0.002299360306287833,nan,16.558823529411764,1.6881424951362767,4.998479126076348,nan,nan,nan,1.0,nan
10,5,deep_only,case_weighted_within_scenario,16,1,1.0,1.0,0.26712006277450095,nan,nan,0.0,0.0,1.0,0.0,358.75,nan,nan,0.0,0.0,1.0,nan,nan
10,5,deep_plus_surface,case_weighted_within_scenario,68,1,0.9164530292942893,0.9800506113799711,0.6711418073466456,3.209625759432768,4.783998896478799,4.142591492647204,3.9990419990323223,0.6258777217589742,3.9990419990323223,13.602941176470589,3.209625759432768,4.783998896478799,4.142591492647204,3.9990419990323223,0.8235294117647058,nan,nan
10,5,deep_plus_two_surface,case_weighted_within_scenario,34,1,0.8610592259152478,0.9494267894874604,0.8777754810194941,2.4010642209467683,11.014147750464257,7.636411585288463,7.519874913041217,0.42708787687147715,7.519874913041217,14.323529411764707,2.4010642209467683,11.014147750464257,7.636411585288463,7.519874913041217,0.7352941176470589,nan,nan
10,5,surface_only,case_weighted_within_scenario,68,1,0.9581990086072418,0.9874103226655088,0.6580592029297923,1.9004852347116616,5.250573700460019,nan,nan,0.0021371322099973077,nan,16.11764705882353,1.9004852347116616,5.250573700460019,nan,nan,nan,1.0,nan
10,10,deep_only,case_weighted_within_scenario,16,1,1.0,1.0,0.2594374075091674,nan,nan,0.0,0.0,1.0,0.0,335.5,nan,nan,0.0,0.0,1.0,nan,nan
10,10,deep_plus_surface,case_weighted_within_scenario,68,1,0.9036947824390127,0.9774886768179923,0.7337253867684721,3.867425941290077,6.114970878758951,5.309443642505123,4.877098171483166,0.4986649808591871,4.877098171483166,14.529411764705882,3.867425941290077,6.114970878758951,5.309443642505123,4.877098171483166,0.7647058823529411,nan,nan
10,10,deep_plus_two_surface,case_weighted_within_scenario,34,1,0.8603402925385424,0.9322991302196586,0.902188911146427,2.9562452107849415,10.885053971850922,9.16762820081625,8.472858394914159,0.3322342765059311,8.472858394914159,13.617647058823529,2.9562452107849415,10.885053971850922,9.16762820081625,8.472858394914159,0.6470588235294118,nan,nan
10,10,surface_only,case_weighted_within_scenario,68,1,0.9543007848900883,0.9857043803141693,0.6630346105709093,2.355284173970813,4.865876922259502,nan,nan,0.0028373317466145243,nan,17.308823529411764,2.355284173970813,4.865876922259502,nan,nan,nan,1.0,nan
10,15,deep_only,case_weighted_within_scenario,16,1,1.0,1.0,0.26427115139718843,nan,nan,0.0,0.0,1.0,0.0,359.25,nan,nan,0.0,0.0,1.0,nan,nan
10,15,deep_plus_surface,case_weighted_within_scenario,68,1,0.8840309151717591,0.9710132952846249,0.7789776550258869,3.4607517669590027,4.9401806822955425,5.845540816755737,5.403558982075155,0.42858550729677286,5.403558982075155,14.705882352941176,3.4607517669590027,4.9401806822955425,5.845540816755737,5.403558982075155,0.7352941176470589,nan,nan
10,15,deep_plus_two_surface,case_weighted_within_scenario,34,1,0.8541887327022147,0.9209683430988119,0.9540759352887335,3.408393494099112,13.635386115822053,9.375081031906577,7.34847192452378,0.25752676456888923,7.34847192452378,15.588235294117647,3.408393494099112,13.635386115822053,9.375081031906577,7.34847192452378,0.5588235294117647,nan,nan
10,15,surface_only,case_weighted_within_scenario,68,1,0.9455409862781333,0.9795465395618523,0.7352535847515386,2.68842331703265,5.01840290823332,nan,nan,0.0034825251365499257,nan,17.147058823529413,2.68842331703265,5.01840290823332,nan,nan,nan,1.0,nan
10,20,deep_only,case_weighted_within_scenario,16,1,1.0,1.0,0.2936004118762997,nan,nan,0.0,0.0,1.0,0.0,403.0,nan,nan,0.0,0.0,1.0,nan,nan
10,20,deep_plus_surface,case_weighted_within_scenario,68,1,0.8697420465398329,0.9670272997867819,0.8148536002864444,3.417455755594231,5.41958035212058,7.337024738263588,6.24172778763694,0.389664091743346,6.24172778763694,14.705882352941176,3.417455755594231,5.41958035212058,7.337024738263588,6.24172778763694,0.6470588235294118,nan,nan
10,20,deep_plus_two_surface,case_weighted_within_scenario,34,1,0.8283541774006001,0.9125939629316493,1.0315817181695053,3.971972687910163,16.884583588809086,11.234934303491642,11.38988011057962,0.24780389546689138,11.38988011057962,14.852941176470589,3.971972687910163,16.884583588809086,11.234934303491642,11.38988011057962,0.4411764705882353,nan,nan
10,20,surface_only,case_weighted_within_scenario,68,1,0.9462507462595028,0.9796554925680174,0.7414325402261563,2.354302324838382,5.362371846507847,nan,nan,0.004191725708078957,nan,17.75,2.354302324838382,5.362371846507847,nan,nan,nan,1.0,nan
15,-10,deep_only,case_weighted_within_scenario,16,1,1.0,1.0,0.305932296258499,nan,nan,0.0,0.0,1.0,0.0,420.3125,nan,nan,0.0,0.0,1.0,nan,nan
15,-10,deep_plus_surface,case_weighted_within_scenario,68,1,0.8419430366419368,0.9639937894334301,0.9196227279089266,6.718752689230271,9.56093660391132,8.669795901193451,8.444797616877796,0.484173739549014,8.444797616877796,16.573529411764707,6.718752689230271,9.56093660391132,8.669795901193451,8.444797616877796,0.6323529411764706,nan,nan
15,-10,deep_plus_two_surface,case_weighted_within_scenario,34,1,0.8234328826912762,0.9007737376633279,0.9555439399754367,5.019528310143416,14.593145337634688,11.388887844273356,10.716540743647604,0.38876617974182276,10.716540743647604,13.676470588235293,5.019528310143416,14.593145337634688,11.388887844273356,10.716540743647604,0.5588235294117647,nan,nan
15,-10,surface_only,case_weighted_within_scenario,68,1,0.9431517256095994,0.9765633445458133,0.7381706524377761,2.235184930243988,5.288686480515531,nan,nan,0.005215997606608007,nan,17.352941176470587,2.235184930243988,5.288686480515531,nan,nan,nan,0.9852941176470589,nan
15,-5,deep_only,case_weighted_within_scenario,16,1,1.0,1.0,0.2649576394424549,nan,nan,0.0,0.0,1.0,0.0,342.75,nan,nan,0.0,0.0,1.0,nan,nan
15,-5,deep_plus_surface,case_weighted_within_scenario,68,1,0.8528003559340254,0.9657631560829171,0.8740957528309862,4.731409806500941,6.6685239750392755,8.728026505490746,8.84393701429042,0.5205458763366807,8.84393701429042,15.661764705882353,4.731409806500941,6.6685239750392755,8.728026505490746,8.84393701429042,0.6029411764705882,nan,nan
15,-5,deep_plus_two_surface,case_weighted_within_scenario,34,1,0.8093272927047834,0.909884192404383,1.0021132135594515,6.263193238465444,15.746727586684907,13.955090140211137,13.30675856817199,0.35454161592876643,13.30675856817199,16.441176470588236,6.263193238465444,15.746727586684907,13.955090140211137,13.30675856817199,0.3235294117647059,nan,nan
15,-5,surface_only,case_weighted_within_scenario,68,1,0.9348090558967398,0.9755242784742966,0.756632194395523,2.3287897922247756,5.052574855181568,nan,nan,0.0026132197326339387,nan,17.852941176470587,2.3287897922247756,5.052574855181568,nan,nan,nan,1.0,nan
15,0,deep_only,case_weighted_within_scenario,16,1,1.0,1.0,0.23744841031431732,nan,nan,0.0,0.0,1.0,0.0,293.0625,nan,nan,0.0,0.0,1.0,nan,nan
15,0,deep_plus_surface,case_weighted_within_scenario,68,1,0.855128108543345,0.970651953116735,0.8169550456694677,5.520359414629758,8.347546778206961,8.53488450668129,8.075423492925637,0.4586399711831741,8.075423492925637,15.882352941176471,5.520359414629758,8.347546778206961,8.53488450668129,8.075423492925637,0.6176470588235294,nan,nan
15,0,deep_plus_two_surface,case_weighted_within_scenario,34,1,0.8369583155696466,0.9264129991387091,0.948636804247805,3.9714138230134344,13.65198956091677,10.707158675360477,10.265910415208051,0.3591203431186622,10.265910415208051,14.382352941176471,3.9714138230134344,13.65198956091677,10.707158675360477,10.265910415208051,0.5294117647058824,nan,nan
15,0,surface_only,case_weighted_within_scenario,68,1,0.9435194917971957,0.9800091225591316,0.6930765821455201,1.96494284767922,4.894924180509791,nan,nan,0.0026823203821155395,nan,16.720588235294116,1.96494284767922,4.894924180509791,nan,nan,nan,1.0,nan
15,5,deep_only,case_weighted_within_scenario,16,1,1.0,1.0,0.21610317822446004,nan,nan,0.0,0.0,1.0,0.0,265.75,nan,nan,0.0,0.0,1.0,nan,nan
15,5,deep_plus_surface,case_weighted_within_scenario,68,1,0.8947761353813488,0.9776910129238118,0.7456745005942175,3.6937650998681026,5.932909473153917,5.782627513957138,5.4236199006185055,0.5699069154240419,5.4236199006185055,14.75,3.6937650998681026,5.932909473153917,5.782627513957138,5.4236199006185055,0.7058823529411765,nan,nan
15,5,deep_plus_two_surface,case_weighted_within_scenario,34,1,0.8450727487645204,0.9227514488418168,0.9438451450346527,2.5492255452482087,12.15423488719335,8.337037288607714,8.165812846091526,0.4350065155771567,8.165812846091526,12.794117647058824,2.5492255452482087,12.15423488719335,8.337037288607714,8.165812846091526,0.6470588235294118,nan,nan
15,5,surface_only,case_weighted_within_scenario,68,1,0.9527477449663762,0.9858218093545679,0.7116328900244693,2.0129252603707313,5.789898106441573,nan,nan,0.0023592744480992645,nan,17.08823529411765,2.0129252603707313,5.789898106441573,nan,nan,nan,1.0,nan
15,10,deep_only,case_weighted_within_scenario,16,1,1.0,1.0,0.2259770704844993,nan,nan,0.0,0.0,1.0,0.0,282.0625,nan,nan,0.0,0.0,1.0,nan,nan
15,10,deep_plus_surface,case_weighted_within_scenario,68,1,0.9144965861562678,0.9799957054414783,0.7029431623037988,2.8108601883927027,4.930914478201815,4.16559636118587,3.859342009321091,0.5814604496257194,3.859342009321091,13.897058823529411,2.8108601883927027,4.930914478201815,4.16559636118587,3.859342009321091,0.8235294117647058,nan,nan
15,10,deep_plus_two_surface,case_weighted_within_scenario,34,1,0.8666413837864317,0.9453594374972021,0.8947622632538215,3.230066838018438,14.176611234625137,9.724836852316795,8.602402950051156,0.346471082335632,8.602402950051156,12.970588235294118,3.230066838018438,14.176611234625137,9.724836852316795,8.602402950051156,0.5588235294117647,nan,nan
15,10,surface_only,case_weighted_within_scenario,68,1,0.9579049604084069,0.9870441859266996,0.6547266301591818,1.934039559794808,5.7476046670069545,nan,nan,0.0024232000875977883,nan,16.852941176470587,1.934039559794808,5.7476046670069545,nan,nan,nan,1.0,nan
15,15,deep_only,case_weighted_within_scenario,16,1,1.0,1.0,0.25546780294531124,nan,nan,0.0,0.0,1.0,0.0,325.25,nan,nan,0.0,0.0,1.0,nan,nan
15,15,deep_plus_surface,case_weighted_within_scenario,68,1,0.9093835231849644,0.9753003423749088,0.7143967909864273,2.914878178244603,5.739261872984743,4.713067801139853,4.196921566151201,0.5012041053501372,4.196921566151201,13.720588235294118,2.914878178244603,5.739261872984743,4.713067801139853,4.196921566151201,0.7794117647058824,nan,nan
15,15,deep_plus_two_surface,case_weighted_within_scenario,34,1,0.880980568672629,0.9450015438371979,0.8775927244147804,2.745342970152863,11.78849940228562,7.883725462895094,7.25684957011919,0.3436931361843597,7.25684957011919,13.382352941176471,2.745342970152863,11.78849940228562,7.883725462895094,7.25684957011919,0.7058823529411765,nan,nan
15,15,surface_only,case_weighted_within_scenario,68,1,0.9437821946455988,0.9795091814707504,0.6591237928074682,1.9196857372039986,4.5331956523565875,nan,nan,0.004364868626247587,nan,16.176470588235293,1.9196857372039986,4.5331956523565875,nan,nan,nan,0.9852941176470589,nan
15,20,deep_only,case_weighted_within_scenario,16,1,1.0,1.0,0.3036229469212448,nan,nan,0.0,0.0,1.0,0.0,430.125,nan,nan,0.0,0.0,1.0,nan,nan
15,20,deep_plus_surface,case_weighted_within_scenario,68,1,0.8690787646822797,0.965848154482971,0.7925077983639222,2.8197770608330237,4.921079887551234,6.678290642855787,6.342804290785295,0.39950561754940306,6.342804290785295,14.382352941176471,2.8197770608330237,4.921079887551234,6.678290642855787,6.342804290785295,0.6764705882352942,nan,nan
15,20,deep_plus_two_surface,case_weighted_within_scenario,34,1,0.825358128374817,0.9160944103130858,0.9747313288170638,2.8724632369500234,12.807142788147894,10.822284876321554,8.036638135548316,0.24492487681790595,8.036638135548316,12.882352941176471,2.8724632369500234,12.807142788147894,10.822284876321554,8.036638135548316,0.5,nan,nan
15,20,surface_only,case_weighted_within_scenario,68,1,0.9462810168273741,0.9768257783785761,0.692753380370195,2.2647677310991754,5.19206615101233,nan,nan,0.003834650657456857,nan,17.25,2.2647677310991754,5.19206615101233,nan,nan,nan,1.0,nan
20,-10,deep_only,case_weighted_within_scenario,16,1,1.0,1.0,0.30462953561475764,nan,nan,0.0,0.0,1.0,0.0,434.3125,nan,nan,0.0,0.0,1.0,nan,nan
20,-10,deep_plus_surface,case_weighted_within_scenario,68,1,0.8261536189134623,0.9612823135068109,0.9138063686920869,6.1612285867078285,9.175373437642303,10.641560904299798,10.227721784844885,0.478000443195986,10.227721784844885,16.441176470588236,6.1612285867078285,9.175373437642303,10.641560904299798,10.227721784844885,0.5735294117647058,nan,nan
20,-10,deep_plus_two_surface,case_weighted_within_scenario,34,1,0.7985378161618737,0.8911969083112785,1.1312415269629108,4.126941536535433,15.891185682774418,12.412943092373443,13.77203473521631,0.40381423284421086,13.77203473521631,13.147058823529411,4.126941536535433,15.891185682774418,12.412943092373443,13.77203473521631,0.47058823529411764,nan,nan
20,-10,surface_only,case_weighted_within_scenario,68,1,0.934591302037715,0.9753723430001483,0.7379259952319798,2.700024791718704,5.378204913804674,nan,nan,0.0029303083087628685,nan,17.735294117647058,2.700024791718704,5.378204913804674,nan,nan,nan,1.0,nan
20,-5,deep_only,case_weighted_within_scenario,16,1,1.0,1.0,0.2962389885163633,nan,nan,0.0,0.0,1.0,0.0,388.8125,nan,nan,0.0,0.0,1.0,nan,nan
20,-5,deep_plus_surface,case_weighted_within_scenario,68,1,0.8622905237071739,0.9643239470641165,0.8350551257339592,5.408345859171985,8.367604284128829,7.939282612893451,6.880087598297197,0.5370953844927753,6.880087598297197,17.676470588235293,5.408345859171985,8.367604284128829,7.939282612893451,6.880087598297197,0.6764705882352942,nan,nan
20,-5,deep_plus_two_surface,case_weighted_within_scenario,34,1,0.7938708822331954,0.9065784254250138,1.030116124883893,5.808119512396917,14.439354421776118,14.747707093279525,15.244445310346688,0.3463581673456059,15.244445310346688,16.264705882352942,5.808119512396917,14.439354421776118,14.747707093279525,15.244445310346688,0.3235294117647059,nan,nan
20,-5,surface_only,case_weighted_within_scenario,68,1,0.9370749105090305,0.9762529200472685,0.7452625765591102,2.449599100675245,5.307398910589692,nan,nan,0.0030564254137263962,nan,18.058823529411764,2.449599100675245,5.307398910589692,nan,nan,nan,1.0,nan
20,0,deep_only,case_weighted_within_scenario,16,1,1.0,1.0,0.2886586524066103,nan,nan,0.0,0.0,1.0,0.0,369.4375,nan,nan,0.0,0.0,1.0,nan,nan
20,0,deep_plus_surface,case_weighted_within_scenario,68,1,0.8458411523732539,0.9646681616144439,0.8499587876593473,4.8461777196202425,6.928897735962842,8.336591430708083,8.207499467341565,0.5263157302513803,8.207499467341565,15.838235294117647,4.8461777196202425,6.928897735962842,8.336591430708083,8.207499467341565,0.7058823529411765,nan,nan
20,0,deep_plus_two_surface,case_weighted_within_scenario,34,1,0.8182219278097467,0.9073702471762631,1.0350787723072101,4.388412734158606,16.606304955843967,13.819929585349426,14.975199582506532,0.33009576814631986,14.975199582506532,15.352941176470589,4.388412734158606,16.606304955843967,13.819929585349426,14.975199582506532,0.38235294117647056,nan,nan
20,0,surface_only,case_weighted_within_scenario,68,1,0.9393265519957995,0.9791568977813612,0.7109325386129582,2.012045687677384,4.867478522653621,nan,nan,0.0030637142344372634,nan,16.926470588235293,2.012045687677384,4.867478522653621,nan,nan,nan,1.0,nan
20,5,deep_only,case_weighted_within_scenario,16,1,1.0,1.0,0.22297859880398915,nan,nan,0.0,0.0,1.0,0.0,265.375,nan,nan,0.0,0.0,1.0,nan,nan
20,5,deep_plus_surface,case_weighted_within_scenario,68,1,0.8802105984935561,0.9749692623534751,0.7897034941425157,5.037324532437945,7.9211898721918,7.529651334209602,6.856802852733183,0.5164811635011135,6.856802852733183,15.941176470588236,5.037324532437945,7.9211898721918,7.529651334209602,6.856802852733183,0.6617647058823529,nan,nan
20,5,deep_plus_two_surface,case_weighted_within_scenario,34,1,0.8417771726245146,0.9287214322800125,0.9352507373075919,4.76172141720163,15.114369818906894,10.264854589845799,9.859794773107174,0.3826637702612291,9.859794773107174,13.852941176470589,4.76172141720163,15.114369818906894,10.264854589845799,9.859794773107174,0.5294117647058824,nan,nan
20,5,surface_only,case_weighted_within_scenario,68,1,0.9503076365284729,0.9832524619889945,0.7160856148217336,1.8396654826355088,5.002699140297097,nan,nan,0.004376530244945184,nan,16.75,1.8396654826355088,5.002699140297097,nan,nan,nan,0.9852941176470589,nan
20,10,deep_only,case_weighted_within_scenario,16,1,1.0,1.0,0.21802657461537334,nan,nan,0.0,0.0,1.0,0.0,270.8125,nan,nan,0.0,0.0,1.0,nan,nan
20,10,deep_plus_surface,case_weighted_within_scenario,68,1,0.8797940958159787,0.9768026429452389,0.7313634439152382,3.6969396036602635,5.847626935228377,6.885095775478392,6.237858820985213,0.5374780963660906,6.237858820985213,15.176470588235293,3.6969396036602635,5.847626935228377,6.885095775478392,6.237858820985213,0.6911764705882353,nan,nan
20,10,deep_plus_two_surface,case_weighted_within_scenario,34,1,0.8614999756607472,0.939675792771379,0.9122136647809354,2.739671040500671,12.526757037083977,9.896030101880715,10.21997144251602,0.41963803714509823,10.21997144251602,12.735294117647058,2.739671040500671,12.526757037083977,9.896030101880715,10.21997144251602,0.6176470588235294,nan,nan
20,10,surface_only,case_weighted_within_scenario,68,1,0.9522703782878985,0.9850436506042426,0.7330755365565423,1.9941282901474011,5.1096281330521105,nan,nan,0.0026582477992432574,nan,17.823529411764707,1.9941282901474011,5.1096281330521105,nan,nan,nan,1.0,nan
20,15,deep_only,case_weighted_within_scenario,16,1,1.0,1.0,0.25048501574762516,nan,nan,0.0,0.0,1.0,0.0,315.0625,nan,nan,0.0,0.0,1.0,nan,nan
20,15,deep_plus_surface,case_weighted_within_scenario,68,1,0.903564044195666,0.9785005375947835,0.7091799783541147,2.4976421609908366,5.417452038681319,5.234028588921735,5.009146133908738,0.548157065376538,5.009146133908738,13.338235294117647,2.4976421609908366,5.417452038681319,5.234028588921735,5.009146133908738,0.7647058823529411,nan,nan
20,15,deep_plus_two_surface,case_weighted_within_scenario,34,1,0.8639339345987309,0.9423163905654507,0.8775886006497317,2.993993298658564,12.347672633214373,8.435875826720043,7.954920439331859,0.3544315961914259,7.954920439331859,14.735294117647058,2.993993298658564,12.347672633214373,8.435875826720043,7.954920439331859,0.6470588235294118,nan,nan
20,15,surface_only,case_weighted_within_scenario,68,1,0.9634849813129698,0.9886964772622494,0.6392073438831717,1.918699541507688,5.07619867454848,nan,nan,0.002248539306671568,nan,16.5,1.918699541507688,5.07619867454848,nan,nan,nan,1.0,nan
20,20,deep_only,case_weighted_within_scenario,16,1,1.0,1.0,0.28939688513585476,nan,nan,0.0,0.0,1.0,0.0,413.5625,nan,nan,0.0,0.0,1.0,nan,nan
20,20,deep_plus_surface,case_weighted_within_scenario,68,1,0.9048521865025306,0.9726869170954645,0.7234476438434079,2.5843891441911255,4.600594659334548,5.301214550401049,5.1955563704420875,0.48743314051944464,5.1955563704420875,12.941176470588236,2.5843891441911255,4.600594659334548,5.301214550401049,5.1955563704420875,0.7794117647058824,nan,nan
20,20,deep_plus_two_surface,case_weighted_within_scenario,34,1,0.8507998810822412,0.9409465674136319,0.895190780920335,2.670921300302177,11.878197093312693,10.060818644930858,10.252310489509766,0.2860611409581554,10.252310489509766,13.088235294117647,2.670921300302177,11.878197093312693,10.060818644930858,10.252310489509766,0.5588235294117647,nan,nan
20,20,surface_only,case_weighted_within_scenario,68,1,0.9516070084511101,0.9834840180193034,0.6316277543240806,1.7163119904139124,4.350222570699646,nan,nan,0.004663423976137677,nan,16.308823529411764,1.7163119904139124,4.350222570699646,nan,nan,nan,0.9852941176470589,nan
