eeg_snr_db,meg_snr_db,aggregation,case_count,scenario_count,auc,auc_tie_corrected,rmse,surface_sd_mm,surface_dle_mm,deep_sd_mm,deep_dle_mm,surface_sd_mm_penalized,surface_dle_mm_penalized,deep_sd_mm_penalized,deep_dle_mm_penalized,deep_score,deep_peak_distance_mm,active_count,deep_sensitivity,deep_specificity,deep_balanced_accuracy
-10,-10,scenario_macro,186,4,0.8533316445267215,0.9555990857796105,0.7979959553060567,4.921224409473848,8.65365847815488,14.084248809350498,12.983744364627276,4.921224409473848,8.65365847815488,14.084248809350498,12.983744364627276,0.2795225909434089,12.983744364627276,80.36580882352942,0.37254901960784315,1.0,0.6862745098039216
-10,-5,scenario_macro,186,4,0.8614279323046459,0.9564640000195496,0.7691536121918264,4.001306290006947,7.969578047286759,11.290322173353653,10.62744206256327,4.001306290006947,7.969578047286759,11.290322173353653,10.62744206256327,0.343693855906002,10.62744206256327,98.20772058823529,0.4754901960784314,1.0,0.7377450980392157
-10,0,scenario_macro,186,4,0.8683949806543424,0.9553929144024524,0.7858163859872879,3.9133847503196377,9.138486443716074,11.512214643898828,11.294037321472013,3.9133847503196377,9.138486443716074,11.512214643898828,11.294037321472013,0.3456029955472716,11.294037321472013,115.3841911764706,0.5,1.0,0.75
-10,5,scenario_macro,186,4,0.8718175632413775,0.9533318010257225,0.8030032281796299,4.5600098031982155,8.25630700853449,9.300250091799905,8.899868729617205,4.5600098031982155,8.25630700853449,9.300250091799905,8.899868729617205,0.3656257607154339,8.899868729617205,119.83180147058823,0.5392156862745098,1.0,0.7696078431372548
-10,10,scenario_macro,186,4,0.8648148293966809,0.9486987405992919,0.8397894945638437,4.465577719987953,9.325904570112812,9.920599082782253,8.981707630698383,4.465577719987953,9.325904570112812,9.920599082782253,8.981707630698383,0.34238244541830376,8.981707630698383,122.20496323529412,0.5196078431372548,1.0,0.7598039215686274
-10,15,scenario_macro,186,4,0.8729322913315961,0.9538337883115607,0.8289801020454627,5.000813230419798,9.758817525497491,9.397176051294808,8.46545628140465,5.000813230419798,9.758817525497491,9.397176051294808,8.46545628140465,0.36727311166327203,8.46545628140465,113.90808823529412,0.5882352941176471,1.0,0.7941176470588236
-10,20,scenario_macro,186,4,0.8685649855277972,0.9500023016530278,0.8655478540322059,4.670792354460122,8.567090143769958,9.077384910787801,8.251274275371017,4.670792354460122,8.567090143769958,9.077384910787801,8.251274275371017,0.3500045120493233,8.251274275371017,133.85845588235296,0.5588235294117647,1.0,0.7794117647058824
-5,-10,scenario_macro,186,4,0.8797865645271964,0.9671872842706385,0.7042980521702894,3.4318488109392473,8.680600041023055,11.409126116860293,10.699958080895025,3.4318488109392473,8.680600041023055,11.409126116860293,10.699958080895025,0.3531637846428658,10.699958080895025,64.04595588235294,0.4901960784313726,1.0,0.7450980392156863
-5,-5,scenario_macro,186,4,0.880624360464368,0.9652846313898749,0.7200389416801455,2.7662863859706284,8.583366744798901,10.159559005540027,9.310318647844875,2.7662863859706284,8.583366744798901,10.159559005540027,9.310318647844875,0.37024729592701944,9.310318647844875,77.22702205882354,0.5343137254901961,1.0,0.767156862745098
-5,0,scenario_macro,186,4,0.886642593983237,0.9626670631696517,0.7391429574371748,3.354482229703411,8.467482761617873,8.709056298193945,8.312868084981107,3.354482229703411,8.467482761617873,8.709056298193945,8.312868084981107,0.3922910359938932,8.312868084981107,118.44577205882352,0.5833333333333334,1.0,0.7916666666666667
-5,5,scenario_macro,186,4,0.883183549555667,0.9586182935686511,0.7654885133997654,3.353497748059219,8.143722909109465,8.859500072070878,8.28193134871276,3.353497748059219,8.143722909109465,8.859500072070878,8.28193134871276,0.3802749837589465,8.28193134871276,101.45863970588235,0.5882352941176471,1.0,0.7941176470588236
-5,10,scenario_macro,186,4,0.8790027882124453,0.9558159930017964,0.7808852797719528,4.143000638506669,8.350866003282801,8.797437990776485,8.68915093416682,4.143000638506669,8.350866003282801,8.797437990776485,8.68915093416682,0.36477836373272043,8.68915093416682,118.95680147058823,0.5588235294117646,1.0,0.7794117647058822
-5,15,scenario_macro,186,4,0.8768114380992493,0.9485040607818234,0.8378420048982571,4.082294241423953,9.473107900690886,8.588398283215936,6.993376645043234,4.082294241423953,9.473107900690886,8.588398283215936,6.993376645043234,0.37777835472293897,6.993376645043234,118.47334558823529,0.5931372549019608,1.0,0.7965686274509804
-5,20,scenario_macro,186,4,0.8722506424704148,0.9499201267463451,0.8225766563652406,4.584745574119159,9.266082149124928,9.747759441241115,8.955920429628597,4.584745574119159,9.266082149124928,9.747759441241115,8.955920429628597,0.360651758079598,8.955920429628597,122.09191176470588,0.5441176470588235,0.9852941176470589,0.7647058823529411
0,-10,scenario_macro,186,4,0.8970069520133108,0.9691151206406673,0.6888764386684989,2.745534655090594,9.093579357989013,9.257676949536437,8.405925265311245,2.745534655090594,9.093579357989013,9.257676949536437,8.405925265311245,0.4173593850384683,8.405925265311245,81.48988970588235,0.5735294117647058,1.0,0.7867647058823529
0,-5,scenario_macro,186,4,0.9136826741640905,0.9760481036959661,0.6379096982080412,2.571451793051526,7.513240253737913,8.096008655099427,7.47695875668536,2.571451793051526,7.513240253737913,8.096008655099427,7.47695875668536,0.44880646897967214,7.47695875668536,81.72058823529413,0.6568627450980392,1.0,0.8284313725490196
0,0,scenario_macro,186,4,0.9119499927733359,0.9732151615500644,0.6510303136739126,2.874388605951475,7.41314379503974,7.374900306031479,7.289512577315335,2.874388605951475,7.41314379503974,7.374900306031479,7.289512577315335,0.43406514960689807,7.289512577315335,94.59099264705883,0.6960784313725489,1.0,0.8480392156862744
0,5,scenario_macro,186,4,0.8985330543220946,0.9629710882119218,0.6925698868317249,3.3914665757700377,7.758041429715377,7.867306398545485,8.032819326834451,3.3914665757700377,7.758041429715377,7.867306398545485,8.032819326834451,0.39829237377024623,8.032819326834451,87.3529411764706,0.642156862745098,1.0,0.821078431372549
0,10,scenario_macro,186,4,0.8992672242214482,0.965689649007685,0.7452831590500745,4.641423868868593,9.536347538439122,8.02145021612276,7.91315754727065,4.641423868868593,9.536347538439122,8.02145021612276,7.91315754727065,0.3681906049762847,7.91315754727065,116.35569852941177,0.6029411764705882,1.0,0.8014705882352942
0,15,scenario_macro,186,4,0.8962395685078967,0.9583318165135839,0.7620404107816059,3.9050218660645997,8.783725878766786,7.967606558460969,7.741770025745571,3.9050218660645997,8.783725878766786,7.967606558460969,7.741770025745571,0.3868475345675964,7.741770025745571,125.91819852941177,0.5931372549019608,1.0,0.7965686274509804
0,20,scenario_macro,186,4,0.8823189038174089,0.9541169249970654,0.8022224364507928,3.8166508526702905,7.934182204488363,8.729457905072847,7.6247344592307345,3.8166508526702905,7.934182204488363,8.729457905072847,7.6247344592307345,0.36539811681083095,7.6247344592307345,117.11764705882354,0.5882352941176471,1.0,0.7941176470588236
5,-10,scenario_macro,186,4,0.9041661525103507,0.9673542298225342,0.7002585445190193,3.519929866639256,9.353723862126973,6.872228168872681,6.542243558656582,3.519929866639256,9.353723862126973,6.872228168872681,6.542243558656582,0.4665737028689676,6.542243558656582,70.84650735294117,0.6813725490196078,1.0,0.8406862745098038
5,-5,scenario_macro,186,4,0.9133075520140039,0.9686288956283249,0.6522505034042759,3.573815057831251,9.157417594711466,6.95120670302743,6.616625808393246,3.573815057831251,9.157417594711466,6.95120670302743,6.616625808393246,0.46435528049680624,6.616625808393246,68.48621323529412,0.7058823529411765,1.0,0.8529411764705883
5,0,scenario_macro,186,4,0.9227917395306058,0.9751172191184079,0.6352739650796773,2.3241368086595124,7.972436101562896,5.835957298399895,5.161045346993024,2.3241368086595124,7.972436101562896,5.835957298399895,5.161045346993024,0.47187714370907974,5.161045346993024,95.96966911764706,0.75,1.0,0.875
5,5,scenario_macro,186,4,0.9210371588383869,0.9714484855894501,0.6379822835324795,2.738672908800504,8.060821252045965,5.137702701678632,4.620778950129979,2.738672908800504,8.060821252045965,5.137702701678632,4.620778950129979,0.45559683398992207,4.620778950129979,94.48345588235294,0.7696078431372548,1.0,0.8848039215686274
5,10,scenario_macro,186,4,0.9158246706509312,0.9680214465891236,0.6865089926533374,2.650258169894889,7.216121668501967,5.920481168276063,5.7611739902317005,2.650258169894889,7.216121668501967,5.920481168276063,5.7611739902317005,0.4236820465644608,5.7611739902317005,118.69025735294117,0.7254901960784315,1.0,0.8627450980392157
5,15,scenario_macro,186,4,0.9071338683712875,0.9635454760284986,0.7314764568738295,3.6582181182728806,8.496255470119637,6.507958488469318,5.69178305527214,3.6582181182728806,8.496255470119637,6.507958488469318,5.69178305527214,0.4033620399984409,5.69178305527214,137.27665441176472,0.6862745098039215,1.0,0.8431372549019607
5,20,scenario_macro,186,4,0.891383596670064,0.957635453709741,0.7698610950687308,3.364537807678286,9.703850470350346,7.647084378960535,6.637200041430467,3.364537807678286,9.703850470350346,7.647084378960535,6.637200041430467,0.3924042043721414,6.637200041430467,106.6810661764706,0.6372549019607844,1.0,0.8186274509803921
10,-10,scenario_macro,186,4,0.9021857605032064,0.9666698854928963,0.6943436128421567,4.578571232965544,9.299065814957732,7.990801998813623,7.518257737597928,4.578571232965544,9.299065814957732,7.990801998813623,7.518257737597928,0.4620645095152727,7.518257737597928,87.91911764705883,0.6617647058823529,1.0,0.8308823529411764
10,-5,scenario_macro,186,4,0.9181092844401955,0.9683386031048645,0.6559899601678392,3.201446567459419,8.090815325166288,5.828511498290851,5.800419034092035,3.201446567459419,8.090815325166288,5.828511498290851,5.800419034092035,0.4820934311442357,5.800419034092035,83.26286764705881,0.7598039215686274,1.0,0.8799019607843137
10,0,scenario_macro,186,4,0.9237166096605467,0.9760155681965362,0.646260983818311,3.3996836567206947,8.293868915860015,6.585763471219781,6.658262041674829,3.3996836567206947,8.293868915860015,6.585763471219781,6.658262041674829,0.47683611350339683,6.658262041674829,69.17647058823529,0.7058823529411765,1.0,0.8529411764705883
10,5,scenario_macro,186,4,0.9339278159541948,0.979221930883235,0.6185241385176082,2.503725071697066,7.0162401158010255,3.926334359311889,3.8396389706911798,2.503725071697066,7.0162401158010255,3.926334359311889,3.8396389706911798,0.5137756827101122,3.8396389706911798,100.69852941176471,0.8529411764705882,1.0,0.9264705882352942
10,10,scenario_macro,186,4,0.9295839649669109,0.9738730468379551,0.6395965789987439,3.0596517753486103,7.288633924289793,4.825690614440457,4.449985522132441,3.0596517753486103,7.288633924289793,4.825690614440457,4.449985522132441,0.4584341472779332,4.449985522132441,95.23897058823529,0.8039215686274509,1.0,0.9019607843137254
10,15,scenario_macro,186,4,0.9209401585380268,0.9678820444863223,0.6831445816158368,3.185856192696922,7.864656568783638,5.073540616220771,4.250676968866312,3.185856192696922,7.864656568783638,5.073540616220771,4.250676968866312,0.422398699250553,4.250676968866312,101.67279411764704,0.7647058823529411,1.0,0.8823529411764706
10,20,scenario_macro,186,4,0.9110867425499839,0.9648191888216122,0.7203670676396015,3.247910256114259,9.222178595812505,6.19065301391841,5.877202632738853,3.247910256114259,9.222178595812505,6.19065301391841,5.877202632738853,0.4104149282295791,5.877202632738853,112.57720588235294,0.6960784313725489,1.0,0.8480392156862744
15,-10,scenario_macro,186,4,0.9021319112357031,0.9603327179106428,0.7298174041451596,4.657821976539225,9.81425614068718,6.6862279151556026,6.3871127868418,4.657821976539225,9.81425614068718,6.6862279151556026,6.3871127868418,0.46953897922436116,6.3871127868418,116.97886029411765,0.7303921568627452,0.9852941176470589,0.857843137254902
15,-5,scenario_macro,186,4,0.8992341761338871,0.9627929067403992,0.7244497000571039,4.441130945730387,9.155942138968584,7.561038881900628,7.383565194154137,4.441130945730387,9.155942138968584,7.561038881900628,7.383565194154137,0.46942517799952027,7.383565194154137,98.1764705882353,0.6421568627450981,1.0,0.821078431372549
15,0,scenario_macro,186,4,0.9089014789775468,0.9692685187036439,0.6740292105942777,3.8189053617741373,8.964820173211173,6.414014394013923,6.113777969377896,3.8189053617741373,8.964820173211173,6.414014394013923,6.113777969377896,0.455110658670988,6.113777969377896,85.01194852941177,0.7156862745098039,1.0,0.857843137254902
15,5,scenario_macro,186,4,0.9231491572780613,0.9715660677800492,0.6543139284694499,2.751971968495681,7.95901415559628,4.706554934188284,4.52981091557001,2.751971968495681,7.95901415559628,4.706554934188284,4.52981091557001,0.5018181763623244,4.52981091557001,77.59558823529412,0.7843137254901961,1.0,0.892156862745098
15,10,scenario_macro,186,4,0.9347607325877767,0.978099832216345,0.6196022815503254,2.658322195401983,8.285043459944635,4.630144404500888,4.153914986457416,2.658322195401983,8.285043459944635,4.630144404500888,4.153914986457416,0.48258868301223734,4.153914986457416,81.44577205882354,0.7941176470588235,1.0,0.8970588235294117
15,15,scenario_macro,186,4,0.9335365716257981,0.9749527669207143,0.6266452777884968,2.5266356285338216,7.353652309208985,4.198931088011649,3.81792371209013,2.5266356285338216,7.353652309208985,4.198931088011649,3.81792371209013,0.4623155275401861,3.81792371209013,92.13235294117648,0.8284313725490197,0.9852941176470589,0.9068627450980393
15,20,scenario_macro,186,4,0.9101794774711177,0.9646920857936583,0.6909038636181065,2.652336009627408,7.640096275570486,5.833525173059113,4.793147475444537,2.652336009627408,7.640096275570486,5.833525173059113,4.793147475444537,0.4120662862561915,4.793147475444537,118.65992647058823,0.7254901960784315,1.0,0.8627450980392157
20,-10,scenario_macro,186,4,0.8898206842782628,0.9569628912045595,0.7719008566254337,4.329398304987322,10.148254678073798,7.684834665557747,7.999918840020399,4.329398304987322,10.148254678073798,7.684834665557747,7.999918840020399,0.4711862460872399,7.999918840020399,120.40900735294117,0.6813725490196078,1.0,0.8406862745098038
20,-5,scenario_macro,186,4,0.8983090791123499,0.9617888231340996,0.7266682039233314,4.555354824081382,9.371452538831546,7.562329902057659,7.3748443028812956,4.555354824081382,9.371452538831546,7.562329902057659,7.3748443028812956,0.4716274943130269,7.3748443028812956,110.203125,0.6666666666666666,1.0,0.8333333333333333
20,0,scenario_macro,186,4,0.9008474080447,0.962798826643017,0.7211571877465315,3.748878713818744,9.467560404820142,7.385507005352504,7.727566349949366,3.748878713818744,9.467560404820142,7.385507005352504,7.727566349949366,0.46486880315803436,7.727566349949366,104.38878676470588,0.6960784313725491,1.0,0.8480392156862746
20,5,scenario_macro,186,4,0.9180738519116359,0.9717357891556205,0.6660046112689576,3.879570477425028,9.34608627713193,5.931501974685133,5.572199208613452,3.879570477425028,9.34608627713193,5.931501974685133,5.572199208613452,0.475880366001822,5.572199208613452,77.97977941176471,0.7303921568627451,0.9852941176470589,0.857843137254902
20,10,scenario_macro,186,4,0.923391112441156,0.9753805215802152,0.6486698049670223,2.810246311436112,7.828004035121488,5.59370862578637,5.485943421167078,2.810246311436112,7.828004035121488,5.59370862578637,5.485943421167078,0.489943595327608,5.485943421167078,79.13694852941177,0.7696078431372548,1.0,0.8848039215686274
20,15,scenario_macro,186,4,0.9327457400268417,0.9773783513556209,0.6191152346586608,2.4701116670523624,7.613774448814723,4.556634805213926,4.321355524413533,2.4701116670523624,7.613774448814723,4.556634805213926,4.321355524413533,0.47620930021865887,4.321355524413533,89.90900735294117,0.8039215686274509,1.0,0.9019607843137254
20,20,scenario_macro,186,4,0.9268147690089705,0.9742793756321,0.6349157660559196,2.3238741449690714,6.943004774448962,5.1206777317773025,5.149288953317284,2.3238741449690714,6.943004774448962,5.1206777317773025,5.149288953317284,0.44453942636343446,5.149288953317284,113.9751838235294,0.7794117647058822,0.9852941176470589,0.8823529411764706
