metric,metric_label,direction,baseline,n_snr_pairs,oaster_mean,baseline_mean,mean_oriented_difference,median_oriented_difference,bootstrap_difference_ci_low,bootstrap_difference_ci_high,oaster_wins,ties,oaster_losses,win_rate_excluding_ties,common_language_win_probability,wilcoxon_p_value,holm_p_value_within_metric,paired_rank_biserial
auc_tie_corrected,An_auc,positive difference favors OASTER,SISSES,49,0.9689974211605492,0.9653203999035044,0.003677021257044805,-0.01266217973730066,-0.00567825977297238,0.014322442734545093,19,0,30,0.3877551020408163,0.3877551020408163,0.337686529201072,0.337686529201072,-0.15918367346938775
auc_tie_corrected,An_auc,positive difference favors OASTER,MNE,49,0.9689974211605492,0.9187962267374558,0.05020119442309361,0.03416331007707207,0.039244388331055015,0.0620927553100907,49,0,0,1.0,1.0,3.552713678800501e-15,2.842170943040401e-14,1.0
auc_tie_corrected,An_auc,positive difference favors OASTER,dSPM,49,0.9689974211605492,0.9358162500946658,0.03318117106588332,0.032421932149103494,0.028992282770420298,0.037869496963870715,49,0,0,1.0,1.0,3.552713678800501e-15,2.842170943040401e-14,1.0
auc_tie_corrected,An_auc,positive difference favors OASTER,sLORETA,49,0.9689974211605492,0.9192949851121558,0.0497024360483936,0.03451937702579999,0.040845241933833334,0.060061001579903114,49,0,0,1.0,1.0,3.552713678800501e-15,2.842170943040401e-14,1.0
auc_tie_corrected,An_auc,positive difference favors OASTER,eLORETA,49,0.9689974211605492,0.9324456226593362,0.036551798501213005,0.026561592850967153,0.027922797436741205,0.046895675369477335,49,0,0,1.0,1.0,3.552713678800501e-15,2.842170943040401e-14,1.0
auc_tie_corrected,An_auc,positive difference favors OASTER,LCMV,49,0.9689974211605492,0.758175145042155,0.2108222761183942,0.21144889642540143,0.20804110151294888,0.21364259616520317,49,0,0,1.0,1.0,3.552713678800501e-15,2.842170943040401e-14,1.0
auc_tie_corrected,An_auc,positive difference favors OASTER,Dipole fitting (grid),49,0.9689974211605492,0.6429165771965202,0.32608084396402914,0.32720557975374687,0.32395384825041806,0.32815434022266904,49,0,0,1.0,1.0,3.552713678800501e-15,2.842170943040401e-14,1.0
auc_tie_corrected,An_auc,positive difference favors OASTER,RAP-MUSIC,49,0.9689974211605492,0.6494040965591802,0.31959332460136913,0.3205226831396175,0.3173160347152224,0.32192795653859946,49,0,0,1.0,1.0,3.552713678800501e-15,2.842170943040401e-14,1.0
auc,Parcel AUC,positive difference favors OASTER,SISSES,49,0.9281813802530532,0.8593657954815677,0.06881558477148557,0.04889296451488234,0.056119766727466706,0.08193130549549954,49,0,0,1.0,1.0,3.552713678800501e-15,2.842170943040401e-14,1.0
auc,Parcel AUC,positive difference favors OASTER,MNE,49,0.9281813802530532,0.896614671239181,0.03156670901387211,0.023327272767626694,0.022974817097950753,0.04069219755947199,43,0,6,0.8775510204081632,0.8775510204081632,3.537437009981659e-11,7.074874019963318e-11,0.9330612244897959
auc,Parcel AUC,positive difference favors OASTER,dSPM,49,0.9281813802530532,0.8968937826595047,0.03128759759354844,0.03573576553212632,0.02538545296183236,0.03742941089816768,46,0,3,0.9387755102040817,0.9387755102040817,1.9539925233402755e-13,5.861977570020827e-13,0.9820408163265306
auc,Parcel AUC,positive difference favors OASTER,sLORETA,49,0.9281813802530532,0.9012834095504546,0.026897970702598438,0.024284134848210348,0.022415745333108337,0.03212931944043402,49,0,0,1.0,1.0,3.552713678800501e-15,2.842170943040401e-14,1.0
auc,Parcel AUC,positive difference favors OASTER,eLORETA,49,0.9281813802530532,0.9167446322031418,0.011436748049911374,0.00969797036601383,0.005969665583104711,0.01754457864153183,35,0,14,0.7142857142857143,0.7142857142857143,0.00028568647289262117,0.00028568647289262117,0.5771428571428572
auc,Parcel AUC,positive difference favors OASTER,LCMV,49,0.9281813802530532,0.8048315206819298,0.12334985957112315,0.12344359747773193,0.1202845453054791,0.1264326705447999,49,0,0,1.0,1.0,3.552713678800501e-15,2.842170943040401e-14,1.0
auc,Parcel AUC,positive difference favors OASTER,Dipole fitting (grid),49,0.9281813802530532,0.6625084813445238,0.2656728989085293,0.26745634691030695,0.2618277611203625,0.2692275869271638,49,0,0,1.0,1.0,3.552713678800501e-15,2.842170943040401e-14,1.0
auc,Parcel AUC,positive difference favors OASTER,RAP-MUSIC,49,0.9281813802530532,0.6923130261311518,0.23586835412190146,0.23261001210827548,0.22920108373004583,0.2426134718240745,49,0,0,1.0,1.0,3.552713678800501e-15,2.842170943040401e-14,1.0
rmse,Squared relative error (historical RMSE field),positive difference favors OASTER,SISSES,49,0.6734688199533594,1.2524151019806506,0.5789462820272913,0.44417720385787307,0.49076259807516587,0.6738568516038411,49,0,0,1.0,1.0,3.552713678800501e-15,2.842170943040401e-14,1.0
rmse,Squared relative error (historical RMSE field),positive difference favors OASTER,MNE,49,0.6734688199533594,1.805369492511184,1.1319006725578247,1.1147894672354604,1.1102813371930598,1.1534260282278692,49,0,0,1.0,1.0,3.552713678800501e-15,2.842170943040401e-14,1.0
rmse,Squared relative error (historical RMSE field),positive difference favors OASTER,dSPM,49,0.6734688199533594,1.827657527563278,1.1541887076099187,1.1650114434889312,1.1332377524844321,1.1745889021278622,49,0,0,1.0,1.0,3.552713678800501e-15,2.842170943040401e-14,1.0
rmse,Squared relative error (historical RMSE field),positive difference favors OASTER,sLORETA,49,0.6734688199533594,1.824345129433743,1.150876309480383,1.1501992920090347,1.1324018053185352,1.169574233140904,49,0,0,1.0,1.0,3.552713678800501e-15,2.842170943040401e-14,1.0
rmse,Squared relative error (historical RMSE field),positive difference favors OASTER,eLORETA,49,0.6734688199533594,1.8127222117702708,1.1392533918169114,1.1359807616423714,1.1178801741590536,1.160252203945473,49,0,0,1.0,1.0,3.552713678800501e-15,2.842170943040401e-14,1.0
rmse,Squared relative error (historical RMSE field),positive difference favors OASTER,LCMV,49,0.6734688199533594,1.836906122761683,1.1634373028083238,1.183044009914262,1.1314426074926653,1.194307935108956,49,0,0,1.0,1.0,3.552713678800501e-15,2.842170943040401e-14,1.0
rmse,Squared relative error (historical RMSE field),positive difference favors OASTER,Dipole fitting (grid),49,0.6734688199533594,1.2489855864557096,0.5755167665023501,0.5878040856247866,0.5535572979195513,0.5978005361543354,49,0,0,1.0,1.0,3.552713678800501e-15,2.842170943040401e-14,1.0
rmse,Squared relative error (historical RMSE field),positive difference favors OASTER,RAP-MUSIC,49,0.6734688199533594,1.161586404456453,0.48811758450309356,0.489236187503031,0.45736462469694233,0.5203673729538496,49,0,0,1.0,1.0,3.552713678800501e-15,2.842170943040401e-14,1.0
surface_sd_mm_penalized,Surface penalized SD (mm),positive difference favors OASTER,SISSES,49,3.5182735519399873,33.54324401329467,30.024970461354677,22.64669851406673,22.85629822643448,37.278347639596205,49,0,0,1.0,1.0,3.552713678800501e-15,2.842170943040401e-14,1.0
surface_sd_mm_penalized,Surface penalized SD (mm),positive difference favors OASTER,MNE,49,3.5182735519399873,34.821188769038315,31.302915217098327,21.998474612151927,26.586431323834606,36.273664311410904,49,0,0,1.0,1.0,3.552713678800501e-15,2.842170943040401e-14,1.0
surface_sd_mm_penalized,Surface penalized SD (mm),positive difference favors OASTER,dSPM,49,3.5182735519399873,26.680234165485626,23.161960613545638,18.48859864323085,19.985568883164905,26.78646461704771,49,0,0,1.0,1.0,3.552713678800501e-15,2.842170943040401e-14,1.0
surface_sd_mm_penalized,Surface penalized SD (mm),positive difference favors OASTER,sLORETA,49,3.5182735519399873,32.38084389528593,28.86257034334594,21.32057133772509,25.32939315057125,32.57115387663473,49,0,0,1.0,1.0,3.552713678800501e-15,2.842170943040401e-14,1.0
surface_sd_mm_penalized,Surface penalized SD (mm),positive difference favors OASTER,eLORETA,49,3.5182735519399873,29.88737496758394,26.369101415643946,18.16235916030856,22.348767175816683,30.830484400079275,49,0,0,1.0,1.0,3.552713678800501e-15,2.842170943040401e-14,1.0
surface_sd_mm_penalized,Surface penalized SD (mm),positive difference favors OASTER,LCMV,49,3.5182735519399873,51.76296142341414,48.244687871474156,48.18721671463467,47.66772579778645,48.82106805289255,49,0,0,1.0,1.0,3.552713678800501e-15,2.842170943040401e-14,1.0
surface_sd_mm_penalized,Surface penalized SD (mm),positive difference favors OASTER,Dipole fitting (grid),49,3.5182735519399873,6.214693646267027,2.696420094327039,2.0962071312549675,2.1132783498550074,3.457885794602363,49,0,0,1.0,1.0,3.552713678800501e-15,2.842170943040401e-14,1.0
surface_sd_mm_penalized,Surface penalized SD (mm),positive difference favors OASTER,RAP-MUSIC,49,3.5182735519399873,4.6323425870569,1.114069035116913,1.1730418224293144,0.6151470531897731,1.660378623434961,34,0,15,0.6938775510204082,0.6938775510204082,1.7853493719854896e-05,1.7853493719854896e-05,0.6702040816326531
surface_dle_mm_penalized,Surface penalized DLE (mm),positive difference favors OASTER,SISSES,49,8.54425057589872,38.67488703461582,30.130636458717102,19.230136561141492,23.601862484819833,36.87607868744467,49,0,0,1.0,1.0,3.552713678800501e-15,2.842170943040401e-14,1.0
surface_dle_mm_penalized,Surface penalized DLE (mm),positive difference favors OASTER,MNE,49,8.54425057589872,30.334612289556873,21.79036171365815,13.736823251154002,17.33395086043533,26.542281608772097,49,0,0,1.0,1.0,3.552713678800501e-15,2.842170943040401e-14,1.0
surface_dle_mm_penalized,Surface penalized DLE (mm),positive difference favors OASTER,dSPM,49,8.54425057589872,16.20416373124479,7.659913155346067,7.809332074428395,6.895895804541929,8.424136619272211,49,0,0,1.0,1.0,3.552713678800501e-15,2.842170943040401e-14,1.0
surface_dle_mm_penalized,Surface penalized DLE (mm),positive difference favors OASTER,sLORETA,49,8.54425057589872,20.52292797174411,11.97867739584539,8.691104743814854,9.51119728549192,14.93421456672784,49,0,0,1.0,1.0,3.552713678800501e-15,2.842170943040401e-14,1.0
surface_dle_mm_penalized,Surface penalized DLE (mm),positive difference favors OASTER,eLORETA,49,8.54425057589872,13.09362743241809,4.54937685651937,2.2149895036818465,2.6385806683066586,6.974105953069545,42,0,7,0.8571428571428571,0.8571428571428571,9.57367518594765e-10,1.91473503718953e-09,0.8873469387755102
surface_dle_mm_penalized,Surface penalized DLE (mm),positive difference favors OASTER,LCMV,49,8.54425057589872,47.993066289742885,39.44881571384416,38.7731796559179,38.68776483461044,40.272940899636204,49,0,0,1.0,1.0,3.552713678800501e-15,2.842170943040401e-14,1.0
surface_dle_mm_penalized,Surface penalized DLE (mm),positive difference favors OASTER,Dipole fitting (grid),49,8.54425057589872,10.25813484897826,1.7138842730795396,1.7927054392023312,1.4455358107190623,2.000319700822759,47,0,2,0.9591836734693877,0.9591836734693877,3.552713678800501e-14,1.0658141036401503e-13,0.9918367346938776
surface_dle_mm_penalized,Surface penalized DLE (mm),positive difference favors OASTER,RAP-MUSIC,49,8.54425057589872,8.912982765509936,0.3687321896112147,0.5248950817589453,0.020243240215961866,0.7171273373802833,34,0,15,0.6938775510204082,0.6938775510204082,0.030792849170467207,0.030792849170467207,0.35346938775510206
deep_sd_mm_penalized,Deep penalized SD (mm),positive difference favors OASTER,SISSES,49,4.406304293716848,15.086455401059643,10.680151107342795,10.58788692041696,10.048504258335749,11.317574046767762,49,0,0,1.0,1.0,3.552713678800501e-15,2.842170943040401e-14,1.0
deep_sd_mm_penalized,Deep penalized SD (mm),positive difference favors OASTER,MNE,49,4.406304293716848,19.40891449545078,15.002610201733932,14.693783967379925,14.53174887518126,15.486785287493637,49,0,0,1.0,1.0,3.552713678800501e-15,2.842170943040401e-14,1.0
deep_sd_mm_penalized,Deep penalized SD (mm),positive difference favors OASTER,dSPM,49,4.406304293716848,18.689207000866876,14.28290270715003,14.170658217420641,13.896550660429527,14.661589381638525,49,0,0,1.0,1.0,3.552713678800501e-15,2.842170943040401e-14,1.0
deep_sd_mm_penalized,Deep penalized SD (mm),positive difference favors OASTER,sLORETA,49,4.406304293716848,18.467223527684204,14.06091923396736,13.899170134116325,13.635951810944936,14.485683548910126,49,0,0,1.0,1.0,3.552713678800501e-15,2.842170943040401e-14,1.0
deep_sd_mm_penalized,Deep penalized SD (mm),positive difference favors OASTER,eLORETA,49,4.406304293716848,18.801981800693913,14.395677506977064,14.310633595992329,14.016877297827365,14.776207282640481,49,0,0,1.0,1.0,3.552713678800501e-15,2.842170943040401e-14,1.0
deep_sd_mm_penalized,Deep penalized SD (mm),positive difference favors OASTER,LCMV,49,4.406304293716848,11.029689778072695,6.623385484355849,6.615206663885209,5.5741613111075825,7.6602406850406375,48,0,1,0.9795918367346939,0.9795918367346939,1.0658141036401503e-14,2.842170943040401e-14,0.996734693877551
deep_sd_mm_penalized,Deep penalized SD (mm),positive difference favors OASTER,Dipole fitting (grid),49,4.406304293716848,109.32658417573883,104.920279882022,98.67087829105805,100.76616776383214,109.45096397012865,49,0,0,1.0,1.0,3.552713678800501e-15,2.842170943040401e-14,1.0
deep_sd_mm_penalized,Deep penalized SD (mm),positive difference favors OASTER,RAP-MUSIC,49,4.406304293716848,76.4641204149573,72.05781612124045,56.63756972810073,63.594953499858434,81.19550101358413,49,0,0,1.0,1.0,3.552713678800501e-15,2.842170943040401e-14,1.0
deep_dle_mm_penalized,Deep penalized DLE (mm),positive difference favors OASTER,SISSES,49,4.126492703467041,11.536407258064786,7.409914554597747,6.9073469477990805,6.808123329180016,8.042132031070693,49,0,0,1.0,1.0,3.552713678800501e-15,2.842170943040401e-14,1.0
deep_dle_mm_penalized,Deep penalized DLE (mm),positive difference favors OASTER,MNE,49,4.126492703467041,16.127703558808772,12.001210855341728,11.147022435552726,11.108708257595914,12.90418890090358,49,0,0,1.0,1.0,3.552713678800501e-15,2.842170943040401e-14,1.0
deep_dle_mm_penalized,Deep penalized DLE (mm),positive difference favors OASTER,dSPM,49,4.126492703467041,9.731402730323364,5.604910026856325,5.654961094995863,5.170096695713171,6.047556624392965,49,0,0,1.0,1.0,3.552713678800501e-15,2.842170943040401e-14,1.0
deep_dle_mm_penalized,Deep penalized DLE (mm),positive difference favors OASTER,sLORETA,49,4.126492703467041,11.065898985375924,6.939406281908882,6.516126121149012,6.361415136010411,7.521554107655699,49,0,0,1.0,1.0,3.552713678800501e-15,2.842170943040401e-14,1.0
deep_dle_mm_penalized,Deep penalized DLE (mm),positive difference favors OASTER,eLORETA,49,4.126492703467041,9.378958709322056,5.252466005855016,4.030784223894913,4.536279682534608,6.023029048437283,49,0,0,1.0,1.0,3.552713678800501e-15,2.842170943040401e-14,1.0
deep_dle_mm_penalized,Deep penalized DLE (mm),positive difference favors OASTER,LCMV,49,4.126492703467041,3.82330489850518,-0.30318780496186115,-0.9197394038587334,-0.9404292745090242,0.34381674613608165,20,0,29,0.40816326530612246,0.40816326530612246,0.3792472495957817,0.3792472495957817,-0.14612244897959184
deep_dle_mm_penalized,Deep penalized DLE (mm),positive difference favors OASTER,Dipole fitting (grid),49,4.126492703467041,109.32253331527025,105.1960406118032,99.13018457689805,101.04883964005438,109.78956528420912,49,0,0,1.0,1.0,3.552713678800501e-15,2.842170943040401e-14,1.0
deep_dle_mm_penalized,Deep penalized DLE (mm),positive difference favors OASTER,RAP-MUSIC,49,4.126492703467041,76.46224675927911,72.33575405581209,56.75047140804989,63.84838305377998,81.87411300840262,49,0,0,1.0,1.0,3.552713678800501e-15,2.842170943040401e-14,1.0
deep_sensitivity,Deep sensitivity,positive difference favors OASTER,SISSES,49,0.7953181272509005,0.5650660264105642,0.23025210084033612,0.21633986928104587,0.2083299986661331,0.2525878684807256,49,0,0,1.0,1.0,1.1095728138421754e-09,8.864049502014656e-09,1.0
deep_sensitivity,Deep sensitivity,positive difference favors OASTER,MNE,49,0.7953181272509005,0.4608243297318927,0.3344937975190076,0.33888888888888896,0.3052279245031346,0.36381969454448443,49,0,0,1.0,1.0,1.1095728138421754e-09,8.864049502014656e-09,1.0
deep_sensitivity,Deep sensitivity,positive difference favors OASTER,dSPM,49,0.7953181272509005,0.601593970921702,0.19372415632919837,0.16209150326797384,0.1637046485260771,0.22377017473656122,49,0,0,1.0,1.0,1.1085281760454818e-09,8.864049502014656e-09,1.0
deep_sensitivity,Deep sensitivity,positive difference favors OASTER,sLORETA,49,0.7953181272509005,0.6069761237828465,0.18834200346805388,0.1937908496732026,0.1723821195144724,0.20376850740296115,49,0,0,1.0,1.0,1.1093115717163083e-09,8.864049502014656e-09,1.0
deep_sensitivity,Deep sensitivity,positive difference favors OASTER,eLORETA,49,0.7953181272509005,0.676077097505669,0.11924102974523142,0.12745098039215685,0.10078681472589032,0.1364812591703348,47,1,1,0.9791666666666666,0.9693877551020408,2.0966378883402388e-09,8.864049502014656e-09,0.9931972789115646
deep_sensitivity,Deep sensitivity,positive difference favors OASTER,LCMV,49,0.7953181272509005,0.8002601040416166,-0.004941976790716307,-0.1029411764705882,-0.05906362545018011,0.050055522208883506,19,0,30,0.3877551020408163,0.3877551020408163,0.7351938251025861,0.7351938251025861,-0.05551020408163265
deep_sensitivity,Deep sensitivity,positive difference favors OASTER,Dipole fitting (grid),49,0.7953181272509005,0.5184073629451781,0.2769107643057223,0.2892156862745099,0.25990396158463386,0.2938175270108043,49,0,0,1.0,1.0,1.108006187751832e-09,8.864049502014656e-09,1.0
deep_sensitivity,Deep sensitivity,positive difference favors OASTER,RAP-MUSIC,49,0.7953181272509005,0.6708683473389356,0.12444977991196478,0.11764705882352944,0.09553821528611448,0.15346138455382155,43,1,5,0.8958333333333334,0.8877551020408163,2.7091035251431237e-08,5.4182070502862474e-08,0.9217687074829932
deep_specificity,Deep specificity,positive difference favors OASTER,SISSES,49,0.9873949579831934,0.42436974789915966,0.5630252100840336,0.6176470588235294,0.45677521008403366,0.6677746098439374,47,1,1,0.9791666666666666,0.9693877551020408,1.7168418752171041e-09,8.055767214680464e-09,0.9974489795918368
deep_specificity,Deep specificity,positive difference favors OASTER,MNE,49,0.9873949579831934,0.07533013205282113,0.9120648259303722,0.9264705882352942,0.8868472388955582,0.9354741896758705,49,0,0,1.0,1.0,1.0579072802646252e-09,8.055767214680464e-09,1.0
deep_specificity,Deep specificity,positive difference favors OASTER,dSPM,49,0.9873949579831934,0.3052220888355342,0.6821728691476592,0.6176470588235294,0.6233493397358945,0.7421968787515006,49,0,0,1.0,1.0,1.0929640246706044e-09,8.055767214680464e-09,1.0
deep_specificity,Deep specificity,positive difference favors OASTER,sLORETA,49,0.9873949579831934,0.062424969987995196,0.9249699879951981,0.9558823529411765,0.9018607442977191,0.9468787515006003,49,0,0,1.0,1.0,1.006970901835058e-09,8.055767214680464e-09,1.0
deep_specificity,Deep specificity,positive difference favors OASTER,eLORETA,49,0.9873949579831934,0.14285714285714285,0.8445378151260504,0.8529411764705882,0.8055222088835534,0.8820528211284513,49,0,0,1.0,1.0,1.064434062021732e-09,8.055767214680464e-09,1.0
deep_specificity,Deep specificity,positive difference favors OASTER,LCMV,49,0.9873949579831934,0.5984393757503,0.38895558223289317,0.23529411764705888,0.2842136854741897,0.4990996398559424,33,11,5,0.868421052631579,0.7857142857142857,2.5187103039870394e-07,7.556130911961118e-07,0.9595141700404858
deep_specificity,Deep specificity,positive difference favors OASTER,Dipole fitting (grid),49,0.9873949579831934,0.9930972388955582,-0.005702280912364939,0.0,-0.009603841536614631,-0.0018007202881152487,7,21,21,0.25,0.35714285714285715,0.009198146298852912,0.009198146298852912,-0.5443349753694581
deep_specificity,Deep specificity,positive difference favors OASTER,RAP-MUSIC,49,0.9873949579831934,0.9987995198079231,-0.011404561824729877,-0.014705882352941124,-0.015306122448979574,-0.007803121248499381,2,20,27,0.06896551724137931,0.24489795918367346,2.2208936881835903e-05,4.4417873763671807e-05,-0.8804597701149425
deep_balanced_accuracy,Deep balanced accuracy,positive difference favors OASTER,SISSES,49,0.8913565426170468,0.494717887154862,0.39663865546218485,0.4071895424836601,0.33659697212218226,0.4550355142056822,49,0,0,1.0,1.0,1.1095728138421754e-09,7.756043314262825e-09,1.0
deep_balanced_accuracy,Deep balanced accuracy,positive difference favors OASTER,MNE,49,0.8913565426170468,0.26807723089235697,0.6232793117246899,0.6191176470588236,0.6035545885020676,0.6443349006269175,49,0,0,1.0,1.0,3.552713678800501e-15,2.842170943040401e-14,1.0
deep_balanced_accuracy,Deep balanced accuracy,positive difference favors OASTER,dSPM,49,0.8913565426170468,0.4534080298786181,0.4379485127384288,0.4598039215686274,0.4113038548752834,0.46396975456849404,49,0,0,1.0,1.0,1.1093115717163083e-09,7.756043314262825e-09,1.0
deep_balanced_accuracy,Deep balanced accuracy,positive difference favors OASTER,sLORETA,49,0.8913565426170468,0.33470054688542084,0.5566559957316259,0.5576797385620914,0.5417899659863946,0.57124883286648,49,0,0,1.0,1.0,1.1095728138421754e-09,7.756043314262825e-09,1.0
deep_balanced_accuracy,Deep balanced accuracy,positive difference favors OASTER,eLORETA,49,0.8913565426170468,0.40946712018140585,0.481889422435641,0.4779411764705882,0.45966336534613844,0.5038453714819261,49,0,0,1.0,1.0,1.1087892528281638e-09,7.756043314262825e-09,1.0
deep_balanced_accuracy,Deep balanced accuracy,positive difference favors OASTER,LCMV,49,0.8913565426170468,0.6993497398959584,0.19200680272108844,0.15571895424836601,0.1548425203414699,0.2296454415099373,48,0,1,0.9795918367346939,0.9795918367346939,1.180401049080194e-09,7.756043314262825e-09,0.9983673469387755
deep_balanced_accuracy,Deep balanced accuracy,positive difference favors OASTER,Dipole fitting (grid),49,0.8913565426170468,0.7557523009203682,0.1356042416966787,0.14215686274509798,0.12640056022408963,0.14430772308923567,49,0,0,1.0,1.0,1.108006187751832e-09,7.756043314262825e-09,1.0
deep_balanced_accuracy,Deep balanced accuracy,positive difference favors OASTER,RAP-MUSIC,49,0.8913565426170468,0.8348339335734295,0.056522609043617465,0.05882352941176472,0.0410651760704282,0.07222889155662267,38,0,11,0.7755102040816326,0.7755102040816326,3.9057107645740417e-07,3.9057107645740417e-07,0.8326530612244898
