metric,metric_label,method,mean_rank_1_is_best
auc_tie_corrected,An_auc,OASTER V19,1.6122448979591837
auc_tie_corrected,An_auc,SISSES,1.510204081632653
auc_tie_corrected,An_auc,MNE,5.0
auc_tie_corrected,An_auc,dSPM,4.204081632653061
auc_tie_corrected,An_auc,sLORETA,5.3061224489795915
auc_tie_corrected,An_auc,eLORETA,3.36734693877551
auc_tie_corrected,An_auc,LCMV,7.0
auc_tie_corrected,An_auc,Dipole fitting (grid),8.979591836734693
auc_tie_corrected,An_auc,RAP-MUSIC,8.020408163265307
auc,Parcel AUC,OASTER V19,1.469387755102041
auc,Parcel AUC,SISSES,6.061224489795919
auc,Parcel AUC,MNE,3.693877551020408
auc,Parcel AUC,dSPM,4.183673469387755
auc,Parcel AUC,sLORETA,3.877551020408163
auc,Parcel AUC,eLORETA,1.836734693877551
auc,Parcel AUC,LCMV,6.877551020408164
auc,Parcel AUC,Dipole fitting (grid),8.979591836734693
auc,Parcel AUC,RAP-MUSIC,8.020408163265307
rmse,Squared relative error (historical RMSE field),OASTER V19,1.0
rmse,Squared relative error (historical RMSE field),SISSES,2.938775510204082
rmse,Squared relative error (historical RMSE field),MNE,5.530612244897959
rmse,Squared relative error (historical RMSE field),dSPM,7.918367346938775
rmse,Squared relative error (historical RMSE field),sLORETA,7.489795918367347
rmse,Squared relative error (historical RMSE field),eLORETA,6.183673469387755
rmse,Squared relative error (historical RMSE field),LCMV,7.877551020408164
rmse,Squared relative error (historical RMSE field),Dipole fitting (grid),3.5510204081632653
rmse,Squared relative error (historical RMSE field),RAP-MUSIC,2.510204081632653
surface_sd_mm_penalized,Surface penalized SD (mm),OASTER V19,1.3061224489795917
surface_sd_mm_penalized,Surface penalized SD (mm),SISSES,6.408163265306122
surface_sd_mm_penalized,Surface penalized SD (mm),MNE,6.8979591836734695
surface_sd_mm_penalized,Surface penalized SD (mm),dSPM,5.163265306122449
surface_sd_mm_penalized,Surface penalized SD (mm),sLORETA,6.836734693877551
surface_sd_mm_penalized,Surface penalized SD (mm),eLORETA,5.551020408163265
surface_sd_mm_penalized,Surface penalized SD (mm),LCMV,8.142857142857142
surface_sd_mm_penalized,Surface penalized SD (mm),Dipole fitting (grid),2.979591836734694
surface_sd_mm_penalized,Surface penalized SD (mm),RAP-MUSIC,1.7142857142857142
surface_dle_mm_penalized,Surface penalized DLE (mm),OASTER V19,1.489795918367347
surface_dle_mm_penalized,Surface penalized DLE (mm),SISSES,7.571428571428571
surface_dle_mm_penalized,Surface penalized DLE (mm),MNE,7.1020408163265305
surface_dle_mm_penalized,Surface penalized DLE (mm),dSPM,5.571428571428571
surface_dle_mm_penalized,Surface penalized DLE (mm),sLORETA,6.163265306122449
surface_dle_mm_penalized,Surface penalized DLE (mm),eLORETA,3.5510204081632653
surface_dle_mm_penalized,Surface penalized DLE (mm),LCMV,8.428571428571429
surface_dle_mm_penalized,Surface penalized DLE (mm),Dipole fitting (grid),3.326530612244898
surface_dle_mm_penalized,Surface penalized DLE (mm),RAP-MUSIC,1.7959183673469388
deep_sd_mm_penalized,Deep penalized SD (mm),OASTER V19,1.0204081632653061
deep_sd_mm_penalized,Deep penalized SD (mm),SISSES,3.0
deep_sd_mm_penalized,Deep penalized SD (mm),MNE,6.959183673469388
deep_sd_mm_penalized,Deep penalized SD (mm),dSPM,4.918367346938775
deep_sd_mm_penalized,Deep penalized SD (mm),sLORETA,4.612244897959184
deep_sd_mm_penalized,Deep penalized SD (mm),eLORETA,5.510204081632653
deep_sd_mm_penalized,Deep penalized SD (mm),LCMV,1.9795918367346939
deep_sd_mm_penalized,Deep penalized SD (mm),Dipole fitting (grid),8.938775510204081
deep_sd_mm_penalized,Deep penalized SD (mm),RAP-MUSIC,8.061224489795919
deep_dle_mm_penalized,Deep penalized DLE (mm),OASTER V19,1.5918367346938775
deep_dle_mm_penalized,Deep penalized DLE (mm),SISSES,5.26530612244898
deep_dle_mm_penalized,Deep penalized DLE (mm),MNE,7.0
deep_dle_mm_penalized,Deep penalized DLE (mm),dSPM,4.040816326530612
deep_dle_mm_penalized,Deep penalized DLE (mm),sLORETA,5.142857142857143
deep_dle_mm_penalized,Deep penalized DLE (mm),eLORETA,3.5510204081632653
deep_dle_mm_penalized,Deep penalized DLE (mm),LCMV,1.4081632653061225
deep_dle_mm_penalized,Deep penalized DLE (mm),Dipole fitting (grid),8.938775510204081
deep_dle_mm_penalized,Deep penalized DLE (mm),RAP-MUSIC,8.061224489795919
deep_sensitivity,Deep sensitivity,OASTER V19,1.7448979591836735
deep_sensitivity,Deep sensitivity,SISSES,6.387755102040816
deep_sensitivity,Deep sensitivity,MNE,8.520408163265307
deep_sensitivity,Deep sensitivity,dSPM,5.244897959183674
deep_sensitivity,Deep sensitivity,sLORETA,5.26530612244898
deep_sensitivity,Deep sensitivity,eLORETA,3.7551020408163267
deep_sensitivity,Deep sensitivity,LCMV,2.6122448979591835
deep_sensitivity,Deep sensitivity,Dipole fitting (grid),7.704081632653061
deep_sensitivity,Deep sensitivity,RAP-MUSIC,3.7653061224489797
deep_specificity,Deep specificity,OASTER V19,2.642857142857143
deep_specificity,Deep specificity,SISSES,5.3979591836734695
deep_specificity,Deep specificity,MNE,7.63265306122449
deep_specificity,Deep specificity,dSPM,5.479591836734694
deep_specificity,Deep specificity,sLORETA,8.112244897959183
deep_specificity,Deep specificity,eLORETA,6.836734693877551
deep_specificity,Deep specificity,LCMV,4.86734693877551
deep_specificity,Deep specificity,Dipole fitting (grid),2.2244897959183674
deep_specificity,Deep specificity,RAP-MUSIC,1.8061224489795917
deep_balanced_accuracy,Deep balanced accuracy,OASTER V19,1.2448979591836735
deep_balanced_accuracy,Deep balanced accuracy,SISSES,5.673469387755102
deep_balanced_accuracy,Deep balanced accuracy,MNE,8.877551020408163
deep_balanced_accuracy,Deep balanced accuracy,dSPM,5.510204081632653
deep_balanced_accuracy,Deep balanced accuracy,sLORETA,7.73469387755102
deep_balanced_accuracy,Deep balanced accuracy,eLORETA,6.408163265306122
deep_balanced_accuracy,Deep balanced accuracy,LCMV,3.979591836734694
deep_balanced_accuracy,Deep balanced accuracy,Dipole fitting (grid),3.5408163265306123
deep_balanced_accuracy,Deep balanced accuracy,RAP-MUSIC,2.0306122448979593
