scenario,method,active_count,surface_active_count,deep_active_count,auc,rmse,sd_mm,dle_mm
deep_only,SISSES_EEG_MEG_direct,10,0,10,1.0,1.8689110585514284,14.373997646799344,10.000000548548492
deep_only,SISSES_adaptive_threshold_0.110,7,0,7,1.0,1.8682305953990754,14.362188333434023,10.000000548548492
deep_only,SISSES_evidence_compact,7,0,7,1.0,1.8682305953990754,14.362188333434023,10.000000548548492
deep_only,SISSES_component_refit_v2,8,4,4,1.0,0.2601826740860955,10.65448743247388,0.0
deep_only,SISSES_component_refit_v3_localize,8,4,4,1.0,0.2601826740860955,10.65448743247388,0.0
deep_only,SISSES_component_refit_v4_deep_rescue,9,4,5,1.0,0.6001388715077848,17.412013959061973,0.0
deep_only,SISSES_component_refit_v5_compact_deep_prior,9,4,5,1.0,0.6084569823795073,17.5188689706515,0.0
deep_only,SISSES_component_refit_v6_sisses_refit_weak,9,4,5,1.0,0.3507379603697654,12.90315883914845,0.0
deep_only,SISSES_component_refit_v6_sisses_refit_mid,9,4,5,1.0,0.350549580549178,12.893072046028765,0.0
deep_only,SISSES_component_refit_v6_sisses_refit_strong,9,4,5,1.0,0.35023049356529756,12.873383337581675,0.0
deep_only,SISSES_component_refit_v7_tbf_refit,5,0,5,1.0,0.15470387613142972,7.1446251327058246,0.0
deep_only,SISSES_component_refit_v8_protected_sisses_no_protect,5,0,5,1.0,0.000859733793632312,0.2218171412380349,0.0
deep_only,SISSES_component_refit_v8_protected_sisses_p050,5,0,5,1.0,0.0008696608918283484,0.2292108430994635,0.0
deep_only,SISSES_component_refit_v8_protected_sisses_p025,5,0,5,1.0,0.0008851731423763559,0.2385300056484173,0.0
deep_only,SISSES_component_refit_v8_protected_sisses_p010,5,0,5,1.0,0.0009083066943677041,0.24712247596003795,0.0
deep_only,SISSES_component_refit_v9_layerwise_sisses_p050,5,0,5,1.0,0.0008620670167423925,0.23414676135241222,0.0
deep_only,SISSES_component_refit_v9_layerwise_sisses_p025,5,0,5,1.0,0.0008732517423147724,0.24267713627548643,0.0
deep_only,SISSES_component_refit_v9_layerwise_sisses_p010,5,0,5,1.0,0.0008873624180985696,0.24974827038020617,0.0
deep_only,SISSES_component_refit_v9b_layerwise_sisses_balanced,5,0,5,1.0,0.0008617451305852661,0.23190877275011001,0.0
deep_only,SISSES_component_refit_v9b_layerwise_sisses_surface_strong,5,0,5,1.0,0.0008615889360890651,0.23067024221807136,0.0
deep_only,SISSES_component_refit_v9b_layerwise_sisses_deep_strong,5,0,5,1.0,0.000861255890142431,0.23210220700110779,0.0
deep_only,SISSES_component_refit_v9b_layerwise_sisses_protected_loose,5,0,5,1.0,0.0008685558071207643,0.23751697660046114,0.0
deep_only,SISSES_weighted_multilayer,4,0,4,0.0,2.0000000000000004,14.395830589689021,10.000000548548492
deep_only,SISSES_protected_multilayer,4,0,4,0.0,2.0000000000000004,14.395830280892113,10.000000548548492
deep_only,SISSES_MEG_only,6,2,4,0.0,1.9999999999999996,15.919420038767576,10.000000548548492
deep_only,SISSES_EEG_only,13,13,0,0.0,2.0000000000000004,56.94443763826899,53.73695068893386
surface_only,SISSES_EEG_MEG_direct,35,35,0,0.9037345679012347,0.5733904142570118,3.67572980997336,6.516528132745676
surface_only,SISSES_adaptive_threshold_0.110,32,32,0,0.9041975308641976,0.568966165358623,3.600539621849225,6.516528132745676
surface_only,SISSES_evidence_compact,32,32,0,0.9041975308641976,0.568966165358623,3.600539621849225,6.516528132745676
surface_only,SISSES_component_refit_v2,52,52,0,0.9846296296296296,0.5515878248808868,4.1814627719355855,6.516528132745676
surface_only,SISSES_component_refit_v3_localize,52,52,0,0.9846296296296296,0.5515878248808868,4.1814627719355855,6.516528132745676
surface_only,SISSES_component_refit_v4_deep_rescue,53,52,1,0.9845370370370371,0.5570754725466427,6.17115462271178,6.516528132745676
surface_only,SISSES_component_refit_v5_compact_deep_prior,53,52,1,0.9845370370370371,0.5572217197721187,6.22113074518956,6.516528132745676
surface_only,SISSES_component_refit_v6_sisses_refit_weak,53,52,1,0.9831172839506174,0.5983477641379192,7.620581547336596,6.516528132745676
surface_only,SISSES_component_refit_v6_sisses_refit_mid,53,52,1,0.9831790123456792,0.5978471602117261,7.618744969345225,6.516528132745676
surface_only,SISSES_component_refit_v6_sisses_refit_strong,53,52,1,0.9831790123456792,0.5961846824541104,7.616706427560251,6.516528132745676
surface_only,SISSES_component_refit_v7_tbf_refit,48,47,1,0.9866975308641974,0.5413999536119823,3.6954539453890565,6.516528132745676
surface_only,SISSES_component_refit_v8_protected_sisses_no_protect,33,32,1,0.9992283950617283,0.15729831701111488,1.437681706791305,4.5907390672515085
surface_only,SISSES_component_refit_v8_protected_sisses_p050,33,32,1,0.9992283950617283,0.15717972692929819,1.4662226761744168,4.5907390672515085
surface_only,SISSES_component_refit_v8_protected_sisses_p025,33,32,1,0.9992283950617283,0.1573168131029818,1.4823853531161395,4.5907390672515085
surface_only,SISSES_component_refit_v8_protected_sisses_p010,33,32,1,0.9992283950617283,0.15837066155691062,1.505517755006242,4.5907390672515085
surface_only,SISSES_component_refit_v9_layerwise_sisses_p050,33,32,1,0.9992283950617283,0.15860291902445625,1.4769807726607393,4.5907390672515085
surface_only,SISSES_component_refit_v9_layerwise_sisses_p025,33,32,1,0.9992283950617283,0.15864024180916275,1.515591931774838,4.5907390672515085
surface_only,SISSES_component_refit_v9_layerwise_sisses_p010,33,32,1,0.9992283950617283,0.1586869770190071,1.5184164692782232,4.5907390672515085
surface_only,SISSES_component_refit_v9b_layerwise_sisses_balanced,36,35,1,0.9986419753086421,0.22568431288746668,2.1333845564089313,4.5907390672515085
surface_only,SISSES_component_refit_v9b_layerwise_sisses_surface_strong,44,43,1,0.9902777777777778,0.767112836133898,4.924959654822356,6.049718530545581
surface_only,SISSES_component_refit_v9b_layerwise_sisses_deep_strong,34,33,1,0.9992283950617283,0.21073779159977385,1.8829991927066771,6.173015432575864
surface_only,SISSES_component_refit_v9b_layerwise_sisses_protected_loose,36,35,1,0.9986419753086421,0.2257759969666691,2.1353310871015347,4.5907390672515085
surface_only,SISSES_weighted_multilayer,30,30,0,0.8758641975308641,0.4897356234623818,3.368846252557954,6.516528132745676
surface_only,SISSES_protected_multilayer,26,26,0,0.8772839506172838,0.5668259888309214,3.2760357318281947,6.516528132745676
surface_only,SISSES_MEG_only,34,34,0,0.8739197530864196,0.569086123151727,17.893237840054887,4.5907390672515085
surface_only,SISSES_EEG_only,90,75,15,0.9720679012345679,0.8387825280233497,13.700053403391562,15.656309642870257
deep_plus_surface,SISSES_EEG_MEG_direct,54,50,4,0.9716620498614958,0.7211558314841797,6.463246364535178,10.329332082234876
deep_plus_surface,SISSES_adaptive_threshold_0.105,52,48,4,0.9716620498614958,0.719516892783368,6.446018962516046,10.329332082234876
deep_plus_surface,SISSES_evidence_compact,57,53,4,0.9716620498614958,0.7232113056597002,6.491475497389142,10.329332082234876
deep_plus_surface,SISSES_component_refit_v2,60,56,4,0.9993905817174515,0.5508700742648305,8.695478763326609,3.258264066372838
deep_plus_surface,SISSES_component_refit_v3_localize,60,55,5,0.9993905817174515,0.5652131054544953,7.641455853194857,3.258264066372838
deep_plus_surface,SISSES_component_refit_v4_deep_rescue,60,55,5,0.9993905817174515,0.5652131054544953,7.641455853194857,3.258264066372838
deep_plus_surface,SISSES_component_refit_v5_compact_deep_prior,60,55,5,0.9993905817174515,0.5641623726404451,7.628831723001982,3.258264066372838
deep_plus_surface,SISSES_component_refit_v6_sisses_refit_weak,60,55,5,0.9993905817174515,0.5921927918984402,8.26244863275163,3.258264066372838
deep_plus_surface,SISSES_component_refit_v6_sisses_refit_mid,60,55,5,0.9993905817174515,0.5918488955002839,8.263526163670496,3.258264066372838
deep_plus_surface,SISSES_component_refit_v6_sisses_refit_strong,60,55,5,0.9993905817174515,0.5907850391824393,8.267816112897343,3.258264066372838
deep_plus_surface,SISSES_component_refit_v7_tbf_refit,55,50,5,0.9995567867036012,0.48064397794336566,6.497517889666608,4.8903548169178706
deep_plus_surface,SISSES_component_refit_v8_protected_sisses_no_protect,26,21,5,0.9997506925207756,0.18439323077256115,1.3001460840963972,3.086507716287932
deep_plus_surface,SISSES_component_refit_v8_protected_sisses_p050,27,22,5,0.9997229916897507,0.18479907998679224,1.337997497026351,3.086507716287932
deep_plus_surface,SISSES_component_refit_v8_protected_sisses_p025,27,22,5,0.9997229916897507,0.18400592205875294,1.3439655531486274,3.086507716287932
deep_plus_surface,SISSES_component_refit_v8_protected_sisses_p010,25,20,5,0.9997229916897507,0.1873372538674838,1.4334528993324054,3.086507716287932
deep_plus_surface,SISSES_component_refit_v9_layerwise_sisses_p050,30,25,5,0.9998337950138505,0.1645151436686532,1.3035787297037038,3.086507716287932
deep_plus_surface,SISSES_component_refit_v9_layerwise_sisses_p025,30,25,5,0.9998337950138505,0.1645328565907059,1.3371631789902818,3.086507716287932
deep_plus_surface,SISSES_component_refit_v9_layerwise_sisses_p010,29,24,5,0.9998891966759003,0.14782138649080148,1.4579700113653549,2.2953695336257542
deep_plus_surface,SISSES_component_refit_v9b_layerwise_sisses_balanced,28,23,5,0.9995567867036012,0.26697407494189535,2.3779638102225484,2.126582120585346
deep_plus_surface,SISSES_component_refit_v9b_layerwise_sisses_surface_strong,28,23,5,0.999584487534626,0.2716006196486661,2.366760668530599,2.126582120585346
deep_plus_surface,SISSES_component_refit_v9b_layerwise_sisses_deep_strong,30,25,5,0.9994182825484765,0.30194716364311075,2.392840559346289,3.086507716287932
deep_plus_surface,SISSES_component_refit_v9b_layerwise_sisses_protected_loose,28,23,5,0.999529085872576,0.2697468830268655,2.6623060544894397,2.126582120585346
deep_plus_surface,SISSES_weighted_multilayer,43,39,4,0.9163850415512467,0.7329349346430295,6.1816840847895635,10.329332082234876
deep_plus_surface,SISSES_protected_multilayer,44,40,4,0.9163711911357342,0.7418823550238217,6.404208654579295,10.329332082234876
deep_plus_surface,SISSES_MEG_only,26,26,0,0.8057063711911358,1.0988442389823858,20.561645650811123,32.71867646042758
deep_plus_surface,SISSES_EEG_only,95,80,15,0.9979224376731303,1.007749720126537,11.156327571336202,16.48840914014651
deep_plus_two_surface,SISSES_EEG_MEG_direct,131,125,6,0.9679016620498615,0.8204556971035717,7.777993474547496,11.400621278885003
deep_plus_two_surface,SISSES_adaptive_threshold_0.115,111,106,5,0.9679986149584487,0.8109828896644479,7.579813777383842,11.400621278885003
deep_plus_two_surface,SISSES_evidence_compact,128,124,4,0.9680747922437672,0.8155835208060328,6.901445414978207,11.400621278885003
deep_plus_two_surface,SISSES_component_refit_v2,145,143,2,0.9940235457063712,0.7302779186689078,10.276715854632583,6.686575934976977
deep_plus_two_surface,SISSES_component_refit_v3_localize,139,137,2,0.9940304709141274,0.7260835337664775,10.182329689430954,6.686575934976977
deep_plus_two_surface,SISSES_component_refit_v4_deep_rescue,140,137,3,0.9938573407202216,0.7749535613799983,11.109743254849409,12.46007873441929
deep_plus_two_surface,SISSES_component_refit_v5_compact_deep_prior,140,137,3,0.9938573407202216,0.7736092015575179,11.087717779582494,12.46007873441929
deep_plus_two_surface,SISSES_component_refit_v6_sisses_refit_weak,140,137,3,0.9932340720221606,0.8219416776999322,12.262373933443795,12.46007873441929
deep_plus_two_surface,SISSES_component_refit_v6_sisses_refit_mid,140,137,3,0.9932686980609418,0.8213338829824711,12.259895303578213,12.46007873441929
deep_plus_two_surface,SISSES_component_refit_v6_sisses_refit_strong,140,137,3,0.9933102493074792,0.819321820102431,12.254162644227984,12.46007873441929
deep_plus_two_surface,SISSES_component_refit_v7_tbf_refit,131,128,3,0.994376731301939,0.7157564309063813,11.017940005765404,6.686575934976977
deep_plus_two_surface,SISSES_component_refit_v8_protected_sisses_no_protect,53,50,3,0.997853185595568,0.3892031933830146,2.130951292720373,5.698144090884097
deep_plus_two_surface,SISSES_component_refit_v8_protected_sisses_p050,52,49,3,0.9978531855955679,0.38035081083481753,2.2769160092381635,4.926234533619922
deep_plus_two_surface,SISSES_component_refit_v8_protected_sisses_p025,53,50,3,0.9977839335180057,0.3778288811828058,2.4584416595177663,4.926234533619922
deep_plus_two_surface,SISSES_component_refit_v8_protected_sisses_p010,54,51,3,0.9978047091412742,0.379037560657872,2.4652587387625204,4.926234533619922
deep_plus_two_surface,SISSES_component_refit_v9_layerwise_sisses_p050,53,50,3,0.9979085872576178,0.3694709425884786,2.374517177134413,5.453659988728041
deep_plus_two_surface,SISSES_component_refit_v9_layerwise_sisses_p025,53,50,3,0.9978531855955679,0.37193352981764144,2.4533535656648175,5.453659988728041
deep_plus_two_surface,SISSES_component_refit_v9_layerwise_sisses_p010,55,52,3,0.9978324099722993,0.3699665365283981,2.658059604703453,5.453659988728041
deep_plus_two_surface,SISSES_component_refit_v9b_layerwise_sisses_balanced,44,41,3,0.9977770083102493,0.4981684674791295,3.2894575008911224,8.121526978388054
deep_plus_two_surface,SISSES_component_refit_v9b_layerwise_sisses_surface_strong,43,40,3,0.9977285318559557,0.5455892206649842,3.9562456589226755,4.9604289082899236
deep_plus_two_surface,SISSES_component_refit_v9b_layerwise_sisses_deep_strong,44,41,3,0.9977077562326869,0.49722925104886395,3.218607056808429,5.618449111275858
deep_plus_two_surface,SISSES_component_refit_v9b_layerwise_sisses_protected_loose,44,41,3,0.9977770083102493,0.5017787193101664,3.287801909302148,8.121526978388054
deep_plus_two_surface,SISSES_weighted_multilayer,100,96,4,0.9539716066481998,0.8875862633817957,9.114914891650002,11.400621278885003
deep_plus_two_surface,SISSES_protected_multilayer,97,93,4,0.9551904432132966,0.8002460750066992,6.6447981953460955,11.400621278885003
deep_plus_two_surface,SISSES_MEG_only,39,24,15,0.6190512465373962,1.429868537810884,14.655724439006553,12.157038825602285
deep_plus_two_surface,SISSES_EEG_only,200,185,15,0.9862950138504155,1.1580565332789796,24.805342600657976,50.87525677079319
